date,open,high,low,close
2021-11-04,52.0,52.1,51.28,51.75
2021-11-03,52.35,52.49,51.67,51.7
2021-11-02,54.35,54.49,51.67,52.25
2021-11-01,54.0,54.9,53.3,54.12
2021-10-29,54.22,54.75,53.7,53.97
2021-10-28,54.3,55.0,53.85,54.22
2021-10-27,55.2,55.2,53.83,54.52
2021-10-26,54.59,56.23,54.3,55.3
2021-10-25,53.83,54.93,53.1,54.59
2021-10-22,54.09,54.8,53.73,54.29
2021-10-21,52.85,54.0,52.6,53.75
2021-10-20,53.21,53.64,52.28,52.4
2021-10-19,52.25,53.32,52.0,52.88
2021-10-18,53.31,53.35,51.55,51.86
2021-10-15,52.45,53.44,52.35,53.31
2021-10-14,52.99,53.25,52.2,52.36
2021-10-13,52.95,53.4,52.05,53.03
2021-10-12,52.7,53.79,52.3,53.09
2021-10-11,51.44,54.18,51.44,53.0
2021-10-08,50.02,51.08,50.02,50.93
2021-09-30,51.4,51.43,50.1,50.45
2021-09-29,49.95,52.17,49.61,51.56
2021-09-28,49.1,50.98,49.09,50.42
2021-09-27,48.29,49.8,48.21,49.09
2021-09-24,48.45,49.33,48.4,48.77
2021-09-23,49.5,50.53,48.61,48.84
2021-09-22,48.68,49.98,48.1,49.41
2021-09-17,50.78,51.54,50.5,51.25
2021-09-16,51.23,51.83,50.21,50.7
2021-09-15,52.0,52.49,50.8,51.4
2021-09-14,54.3,54.89,51.8,52.1
2021-09-13,53.67,54.5,53.5,53.92
2021-09-10,52.0,54.52,51.75,54.12
2021-09-09,52.1,52.68,51.68,52.1
2021-09-08,52.72,53.55,52.26,52.41
2021-09-07,51.29,53.08,50.45,52.81
2021-09-06,51.51,52.75,51.18,51.2
2021-09-03,51.7,52.33,50.41,52.0
2021-09-02,50.69,51.88,50.3,51.6
2021-09-01,48.88,50.95,48.6,50.79
2021-08-31,48.45,49.45,47.85,48.96
2021-08-30,50.35,50.35,47.61,48.45
2021-08-27,49.7,50.82,49.5,50.35
2021-08-26,51.93,51.93,49.48,49.6
2021-08-25,52.58,52.71,51.21,51.43
2021-08-24,52.02,52.85,51.01,52.2
2021-08-23,51.48,52.87,51.21,51.89
2021-08-20,51.74,52.57,49.9,51.03
2021-08-19,52.8,53.1,51.36,51.58
2021-08-18,49.99,53.57,49.92,53.14
2021-08-17,50.87,51.4,49.52,49.62
2021-08-16,51.2,51.24,49.5,50.87
2021-08-13,50.71,51.35,50.31,51.18
2021-08-12,50.7,51.5,50.41,50.68
2021-08-11,50.21,51.77,50.0,50.9
2021-08-10,49.08,50.53,48.56,50.21
2021-08-09,47.58,50.0,47.58,49.06
2021-08-06,46.47,47.8,46.1,47.59
2021-08-05,46.68,47.3,46.09,46.75
2021-08-04,47.58,47.95,46.8,47.0
2021-08-03,47.6,48.1,46.95,47.59
2021-08-02,46.8,48.22,45.21,47.71
2021-07-30,47.75,47.8,46.11,46.5
2021-07-29,48.2,48.3,47.5,47.95
2021-07-28,46.31,48.34,46.31,47.47
2021-07-27,47.65,47.93,45.8,46.17
2021-07-26,49.62,49.65,47.55,47.7
2021-07-23,50.33,50.65,49.5,50.05
2021-07-22,49.69,51.1,49.38,50.25
2021-07-21,50.02,50.57,49.25,49.7
2021-07-20,50.45,51.49,49.61,49.91
2021-07-19,51.0,51.2,49.41,50.83
2021-07-16,50.76,51.6,50.42,51.0
2021-07-15,49.0,51.46,48.97,51.05
2021-07-14,49.8,49.88,47.92,48.95
2021-07-13,49.5,50.8,48.71,49.97
2021-07-12,50.6,51.14,49.8,50.4
2021-07-09,50.35,50.91,49.51,49.9
2021-07-08,53.76,53.76,50.0,50.35
2021-07-07,53.3,53.91,53.01,53.43
2021-07-06,53.0,53.54,52.41,53.54
2021-07-05,52.94,53.09,51.5,52.94
2021-07-02,55.0,55.2,52.7,53.05
2021-07-01,54.21,56.0,53.8,56.0
2021-06-30,53.9,54.44,53.86,54.19
2021-06-29,54.2,54.85,53.7,53.8
2021-06-28,56.2,56.29,54.03,54.7
2021-06-25,55.0,56.55,54.78,56.4
2021-06-24,54.82,55.1,54.13,55.0
2021-06-23,55.38,55.47,54.48,54.82
2021-06-22,53.86,55.58,53.86,55.46
2021-06-21,54.3,54.79,53.12,53.69
2021-06-18,54.75,55.7,54.07,54.69
2021-06-17,55.52,56.0,54.86,55.12
2021-06-16,54.8,56.36,54.5,55.6
2021-06-15,55.83,55.83,54.12,54.8
2021-06-11,56.41,56.75,55.08,56.33
2021-06-10,56.49,57.46,56.26,56.35
2021-06-09,56.7,57.36,56.28,56.47
2021-06-08,56.95,57.94,56.01,56.7
2021-06-07,57.21,57.25,56.5,57.0
2021-06-04,56.05,58.92,56.02,57.53
2021-06-03,57.5,58.33,56.19,56.28
2021-06-02,57.25,57.69,56.88,57.58
2021-06-01,57.7,57.76,56.9,57.36
2021-05-31,58.21,58.36,57.0,58.19
2021-05-28,58.0,58.85,57.61,58.5
2021-05-27,58.0,58.78,56.81,57.95
2021-05-26,57.65,58.56,57.61,58.5
2021-05-25,54.19,57.62,53.93,57.55
2021-05-24,54.2,54.7,53.77,54.08
2021-05-21,55.87,55.9,53.8,54.11
2021-05-20,55.1,55.52,54.32,55.47
2021-05-19,56.0,56.08,54.51,54.8
2021-05-18,55.98,56.39,55.7,55.95
2021-05-17,55.0,56.49,54.65,55.65
2021-05-14,53.49,55.0,52.8,54.98
2021-05-13,53.49,54.45,52.84,53.2
2021-05-12,53.85,54.65,53.07,53.69
2021-05-11,53.45,54.15,53.28,53.84
2021-05-10,54.2,54.25,53.01,53.9
2021-05-07,53.88,55.2,53.31,54.18
2021-05-06,52.7,54.38,52.48,53.67
2021-04-30,52.8,53.18,51.81,52.7
2021-04-29,52.0,53.35,51.29,53.28
2021-04-28,52.2,52.38,51.48,51.76
2021-04-27,51.95,52.43,51.58,52.07
2021-04-26,54.0,54.5,51.7,52.07
2021-04-23,52.7,53.5,52.31,53.3
2021-04-22,52.89,53.3,52.17,52.61
2021-04-21,52.06,53.19,52.03,52.89
2021-04-20,51.01,52.19,51.01,51.99
2021-04-19,49.9,51.78,49.5,51.77
2021-04-16,49.72,49.85,49.09,49.74
2021-04-15,49.72,49.98,48.28,49.44
2021-04-14,50.58,50.6,49.28,49.7
2021-04-13,50.5,51.2,49.94,50.32
2021-04-12,50.29,50.65,49.69,50.46
2021-04-09,50.72,50.72,49.86,50.25
2021-04-08,50.2,50.63,50.05,50.5
2021-04-07,51.15,51.15,50.02,50.43
2021-04-06,51.1,51.83,50.8,50.99
2021-04-02,51.18,51.25,50.65,50.95
2021-04-01,51.09,51.28,50.7,51.05
2021-03-31,51.5,51.5,50.14,51.1
2021-03-30,51.1,51.56,50.43,51.56
2021-03-29,51.7,51.8,50.55,50.94
2021-03-26,51.45,51.82,50.73,51.6
2021-03-25,52.66,52.89,50.56,51.01
2021-03-24,53.96,54.0,51.62,52.2
2021-03-23,53.89,54.45,52.82,53.48
2021-03-22,52.2,54.72,52.1,53.78
2021-03-19,54.02,54.46,51.54,51.76
2021-03-18,53.3,54.3,52.9,54.24
2021-03-17,53.95,54.32,53.3,53.4
2021-03-16,53.9,55.25,53.5,54.32
2021-03-15,52.98,54.79,52.64,53.11
2021-03-12,52.35,53.39,52.13,53.32
2021-03-11,50.0,52.25,50.0,51.97
2021-03-10,49.01,50.0,48.55,49.25
2021-03-09,50.02,50.98,48.18,48.5
2021-03-08,51.59,51.98,49.7,49.93
2021-03-05,51.9,52.39,50.11,51.4
2021-03-04,52.19,53.88,52.0,52.4
2021-03-03,50.0,52.98,49.6,52.77
2021-03-02,50.86,50.9,49.01,49.55
2021-03-01,51.11,51.3,50.03,50.39
2021-02-26,53.6,54.45,50.86,51.1
2021-02-25,54.5,55.5,53.91,54.45
2021-02-24,55.85,55.85,52.85,53.6
2021-02-23,54.29,56.73,54.2,55.55
2021-02-22,55.27,55.74,53.36,54.2
2021-02-19,55.65,56.71,54.88,55.2
2021-02-18,55.65,57.6,55.19,55.69
2021-02-10,56.3,56.4,53.95,54.55
2021-02-09,55.38,55.38,54.25,55.26
2021-02-08,55.19,55.6,53.69,55.26
2021-02-05,54.06,55.94,53.7,54.74
2021-02-04,52.87,55.2,52.61,53.5
2021-02-03,52.07,54.0,51.49,53.05
2021-02-02,52.35,52.8,51.6,51.97
2021-02-01,51.0,52.78,50.48,52.4
2021-01-29,52.18,52.46,50.81,51.1
2021-01-28,51.0,51.75,50.8,51.61
2021-01-27,51.61,52.9,51.61,52.0
2021-01-26,52.0,53.1,51.0,51.4
2021-01-25,51.1,52.46,50.1,52.11
2021-01-22,52.85,52.85,51.0,51.64
2021-01-21,52.97,53.5,52.15,52.64
2021-01-20,52.1,53.12,50.99,51.72
2021-01-19,52.3,53.23,51.49,51.85
2021-01-18,51.5,53.08,51.2,51.92
2021-01-15,50.5,53.89,50.48,51.14
2021-01-14,49.4,50.08,48.56,49.05
2021-01-13,49.31,49.98,48.88,49.4
2021-01-12,48.55,50.05,47.56,49.7
2021-01-11,46.58,49.17,46.49,48.42
2021-01-08,46.29,47.02,45.81,46.6
2021-01-07,44.29,45.97,44.26,45.9
2021-01-06,42.1,44.2,42.0,44.15
2021-01-05,42.76,42.8,41.44,42.18
2021-01-04,43.23,43.78,42.02,43.17
2020-12-31,43.05,44.35,42.85,43.95
2020-12-30,42.87,43.05,41.9,43.05
2020-12-29,43.26,43.29,42.65,42.83
2020-12-28,42.75,43.32,42.23,43.04
2020-12-25,42.55,42.9,41.98,42.72
2020-12-24,42.35,43.1,42.32,42.57
2020-12-23,41.71,42.41,41.71,42.32
2020-12-22,42.99,43.0,41.87,41.91
2020-12-21,43.04,43.15,42.31,42.89
2020-12-18,44.09,44.39,42.8,43.1
2020-12-17,43.9,44.17,43.35,44.05
2020-12-16,44.79,44.85,43.88,44.06
2020-12-15,44.45,44.94,43.44,44.35
2020-12-14,43.32,44.66,43.32,44.37
2020-12-11,44.25,44.27,42.68,42.68
2020-12-10,44.04,44.63,43.8,44.28
2020-12-09,44.37,44.93,44.22,44.24
2020-12-08,44.39,44.76,44.0,44.26
2020-12-07,45.7,45.75,44.1,44.42
2020-12-04,46.47,46.6,45.11,45.78
2020-12-03,46.75,47.1,45.5,46.49
2020-12-02,46.0,47.03,45.26,46.8
2020-12-01,44.4,46.55,44.39,46.2
2020-11-30,45.85,47.77,44.03,44.2
2020-11-27,45.4,45.97,44.7,45.85
2020-11-26,44.47,45.38,44.47,45.09
2020-11-25,45.52,45.57,44.17,44.43
2020-11-24,45.0,45.3,44.53,44.87
2020-11-23,45.05,45.58,44.82,45.4
2020-11-20,44.76,45.3,44.51,45.05
2020-11-19,44.53,45.0,43.99,44.87
2020-11-18,43.6,45.0,43.41,44.75
2020-11-17,43.0,44.0,42.8,43.84
2020-11-16,42.95,43.1,42.65,43.0
2020-11-13,43.2,43.2,41.81,42.58
2020-11-12,44.0,44.44,43.35,43.58
2020-11-11,44.0,44.35,43.51,44.35
2020-11-10,43.77,44.38,43.4,43.72
2020-11-09,42.99,43.47,42.6,43.03
2020-11-06,42.8,42.85,42.09,42.48
2020-11-05,43.1,43.71,42.38,42.79
2020-11-04,42.12,43.09,41.38,42.93
2020-11-03,40.7,42.1,40.7,41.24
2020-11-02,40.49,40.7,39.18,40.25
2020-10-30,40.5,41.15,39.58,39.81
2020-10-29,39.75,40.86,39.67,40.19
2020-10-28,40.63,41.08,39.61,40.1
2020-10-27,40.62,41.25,40.33,40.45
2020-10-26,41.66,41.66,40.08,40.62
2020-10-23,40.91,42.1,40.86,41.22
2020-10-22,41.0,42.0,40.33,41.19
2020-10-21,40.06,40.87,39.99,40.8
2020-10-20,40.0,40.31,39.7,39.97
2020-10-19,40.29,41.55,39.89,39.99
2020-10-16,38.91,40.2,38.88,39.78
2020-10-15,38.14,39.23,38.05,39.01
2020-10-14,37.8,38.1,37.39,38.05
2020-10-13,37.48,38.01,37.13,37.79
2020-10-12,36.4,37.65,36.3,37.56
2020-10-09,36.4,36.8,36.13,36.18
2020-09-30,36.3,36.57,35.8,36.0
2020-09-29,37.35,37.45,36.27,36.31
2020-09-28,37.2,37.65,37.05,37.25
2020-09-25,37.1,37.4,37.08,37.18
2020-09-24,37.35,37.35,36.9,37.06
2020-09-23,37.82,38.05,37.4,37.5
2020-09-22,38.5,38.6,37.74,37.88
2020-09-21,39.0,39.13,38.6,38.6
2020-09-18,37.85,38.99,37.8,38.99
2020-09-17,38.1,38.47,37.85,37.87
2020-09-16,37.96,38.3,37.78,38.06
2020-09-15,37.26,38.09,37.23,37.9
2020-09-14,37.4,37.58,37.07,37.35
2020-09-11,37.87,37.88,37.02,37.24
2020-09-10,37.88,37.91,37.37,37.7
2020-09-09,37.27,37.95,37.16,37.6
2020-09-08,37.18,37.62,37.02,37.59
2020-09-07,36.8,37.58,36.69,36.79
2020-09-04,36.63,36.89,36.35,36.8
2020-09-03,37.12,37.43,36.76,36.98
2020-09-02,37.49,37.58,36.8,37.2
2020-09-01,37.46,37.7,37.01,37.42
2020-08-31,38.5,39.0,37.55,37.69
2020-08-28,36.85,38.45,36.6,38.45
2020-08-27,37.23,37.29,36.41,36.9
2020-08-26,37.7,37.89,37.01,37.23
2020-08-25,37.8,38.2,37.42,37.58
2020-08-24,38.08,38.31,37.37,37.5
2020-08-21,38.0,38.01,37.46,37.77
2020-08-20,38.21,38.23,37.13,37.52
2020-08-19,38.84,39.08,38.35,38.35
2020-08-18,39.0,39.16,38.53,38.85
2020-08-17,38.06,39.53,38.06,39.05
2020-08-14,37.33,38.08,37.26,38.0
2020-08-13,37.85,38.17,37.32,37.33
2020-08-12,37.78,38.26,37.03,37.79
2020-08-11,37.15,38.8,37.15,37.54
2020-08-10,36.7,37.41,35.89,37.0
2020-08-07,36.88,36.88,36.2,36.61
2020-08-06,36.43,37.33,36.34,37.02
2020-08-05,36.4,36.66,35.81,36.3
2020-08-04,35.14,37.15,35.0,36.68
2020-08-03,35.2,35.39,34.78,35.0
2020-07-31,34.6,35.35,34.49,34.8
2020-07-30,35.05,35.17,34.48,34.56
2020-07-29,34.5,35.35,34.23,35.07
2020-07-28,34.66,34.88,34.21,34.58
2020-07-27,34.94,34.97,34.01,34.25
2020-07-24,35.5,35.8,34.13,34.6
2020-07-23,36.18,36.41,35.25,35.6
2020-07-22,36.78,37.1,36.26,36.44
2020-07-21,37.27,37.44,36.52,36.84
2020-07-20,36.1,37.45,35.85,37.27
2020-07-17,35.87,36.2,35.31,36.08
2020-07-16,36.05,36.58,35.59,35.6
2020-07-15,36.99,37.02,35.7,35.86
2020-07-14,37.07,37.42,36.23,36.51
2020-07-13,37.01,38.0,36.67,37.3
2020-07-10,38.71,39.0,37.05,37.25
2020-07-09,40.51,40.62,39.53,39.91
2020-07-08,40.9,41.87,39.97,40.5
2020-07-07,41.8,43.3,40.5,41.06
2020-07-06,37.18,40.41,37.18,40.41
2020-07-03,35.4,36.76,35.35,36.74
2020-07-02,34.65,35.47,34.3,35.3
2020-07-01,33.79,34.8,33.61,34.79
2020-06-30,33.85,33.96,33.64,33.72
2020-06-29,34.17,34.3,33.49,33.64
2020-06-24,33.52,33.96,33.51,33.9
2020-06-23,33.3,33.54,33.11,33.35
2020-06-22,33.66,33.85,33.33,33.5
2020-06-19,33.8,34.34,33.6,33.86
2020-06-18,33.88,34.06,33.02,33.89
2020-06-17,34.0,34.31,33.83,34.2
2020-06-16,34.0,34.18,33.81,34.14
2020-06-15,34.04,34.18,33.46,33.57
2020-06-12,33.99,34.5,33.7,34.5
2020-06-11,35.21,35.32,34.31,34.47
2020-06-10,35.64,35.65,35.18,35.34
2020-06-09,35.61,35.69,35.26,35.53
2020-06-08,35.55,36.19,35.5,35.67
2020-06-05,35.3,35.47,34.81,35.24
2020-06-04,35.5,35.55,35.07,35.15
2020-06-03,35.45,36.0,35.02,35.22
2020-06-02,34.55,35.26,34.54,35.04
2020-06-01,34.15,34.97,34.1,34.82
2020-05-29,33.86,34.13,33.7,33.82
2020-05-28,33.58,34.7,33.43,34.22
2020-05-27,33.57,33.98,33.24,33.43
2020-05-26,33.3,33.49,33.09,33.43
2020-05-25,33.92,33.94,32.9,33.09
2020-05-22,34.49,34.69,33.61,33.63
2020-05-21,34.91,35.18,34.66,34.73
2020-05-20,34.27,35.03,34.1,34.68
2020-05-19,34.4,34.48,34.06,34.27
2020-05-18,33.62,34.3,33.51,33.8
2020-05-15,34.19,34.26,33.7,33.85
2020-05-14,34.39,34.42,33.8,33.93
2020-05-13,34.4,34.68,34.1,34.54
2020-05-12,34.99,35.04,34.44,34.59
2020-05-11,34.98,35.48,34.88,34.96
2020-05-08,34.77,35.18,34.55,34.97
2020-05-07,34.6,34.62,34.05,34.45
2020-05-06,34.53,34.78,34.18,34.63
2020-04-30,35.15,36.05,35.05,35.09
2020-04-29,33.9,35.1,33.89,35.02
2020-04-28,33.6,33.9,33.3,33.86
2020-04-27,32.75,33.98,32.72,33.58
2020-04-24,32.72,32.72,32.41,32.51
2020-04-23,32.82,32.96,32.65,32.69
2020-04-22,32.45,32.75,32.33,32.73
2020-04-21,32.9,33.04,32.58,32.65
2020-04-20,32.89,33.08,32.55,32.9
2020-04-17,32.45,33.2,32.34,32.86
2020-04-16,32.2,32.41,31.96,32.1
2020-04-15,32.59,32.63,32.32,32.42
2020-04-14,32.18,32.71,32.08,32.71
2020-04-13,31.92,32.2,31.82,31.93
2020-04-10,32.41,32.56,31.91,32.1
2020-04-09,32.29,32.35,32.11,32.3
2020-04-08,32.5,32.5,32.12,32.22
2020-04-07,32.84,32.88,32.4,32.52
2020-04-03,32.0,32.32,31.99,32.15
2020-04-02,31.75,32.34,31.71,32.34
2020-04-01,32.12,32.65,32.0,32.13
2020-03-31,32.92,32.98,32.16,32.28
2020-03-30,32.18,32.72,31.8,32.65
2020-03-27,33.12,33.33,32.48,32.72
2020-03-26,32.1,33.42,32.06,32.72
2020-03-25,32.23,32.68,32.17,32.49
2020-03-24,31.15,31.65,30.81,31.51
2020-03-23,30.01,30.51,29.88,30.16
2020-03-20,29.8,31.11,29.8,31.04
2020-03-19,30.48,30.48,28.71,29.31
2020-03-18,31.88,32.28,30.76,30.82
2020-03-17,31.65,32.61,31.11,31.73
2020-03-16,33.39,33.39,31.64,31.67
2020-03-13,32.8,33.56,32.4,33.41
2020-03-12,34.37,34.59,34.02,34.16
2020-03-11,34.76,34.99,34.41,34.45
2020-03-10,34.19,34.94,34.08,34.68
2020-03-09,34.88,34.88,34.18,34.18
2020-03-06,35.84,36.02,35.41,35.41
2020-03-05,34.99,36.32,34.8,36.23
2020-03-04,34.68,34.8,34.44,34.78
2020-03-03,34.93,35.1,34.42,34.62
2020-03-02,34.24,34.88,34.1,34.75
2020-02-28,34.85,35.18,34.2,34.2
2020-02-27,34.79,35.35,34.7,35.22
2020-02-26,34.41,34.99,34.25,34.83
2020-02-25,34.81,35.08,34.5,34.63
2020-02-24,35.49,35.69,35.03,35.05
2020-02-21,35.9,35.93,35.47,35.64
2020-02-20,35.66,36.05,35.2,35.98
2020-02-19,35.6,35.89,35.46,35.53
2020-02-18,36.0,36.0,35.6,35.7
2020-02-17,35.63,36.17,35.38,36.17
2020-02-14,35.21,35.71,35.21,35.64
2020-02-13,35.53,35.55,35.2,35.27
2020-02-12,35.5,35.66,35.24,35.6
2020-02-11,35.3,35.85,35.15,35.57
2020-02-10,35.13,35.24,34.95,35.1
2020-02-07,35.1,35.46,35.01,35.42
2020-02-06,35.5,35.83,35.13,35.75
2020-02-05,35.34,35.51,34.83,35.36
2020-02-04,35.04,35.48,34.68,35.35
2020-02-03,33.8,35.5,33.8,35.03
2020-01-23,37.53,37.7,36.45,36.81
2020-01-22,37.7,38.1,37.15,37.82
2020-01-21,37.95,38.15,37.7,37.79
2020-01-20,38.22,38.65,38.0,38.31
2020-01-17,38.06,38.17,37.68,37.93
2020-01-16,38.22,38.35,37.76,37.96
2020-01-15,38.84,38.89,38.02,38.12
2020-01-14,39.14,39.63,38.7,38.81
2020-01-13,39.28,39.28,38.75,39.1
2020-01-10,38.9,39.28,38.75,39.04
2020-01-09,38.84,39.0,38.58,38.9
2020-01-08,38.95,38.95,38.41,38.41
2020-01-07,39.55,39.94,39.1,39.15
2020-01-06,39.19,40.16,38.9,39.24
2020-01-03,38.95,39.62,38.92,39.4
2020-01-02,38.03,39.12,38.02,38.88
2019-12-31,37.85,37.88,37.31,37.58
2019-12-30,37.6,37.92,37.11,37.83
2019-12-27,38.1,38.5,37.8,37.86
2019-12-26,37.78,38.1,37.69,38.1
2019-12-25,38.01,38.23,37.62,37.79
2019-12-24,37.45,38.15,37.45,38.01
2019-12-23,37.79,38.0,37.25,37.4
2019-12-20,37.82,38.03,37.4,37.54
2019-12-19,38.0,38.25,37.73,37.77
2019-12-18,37.55,38.15,37.55,37.99
2019-12-17,37.25,37.85,36.9,37.5
2019-12-16,37.25,37.48,37.1,37.28
2019-12-13,36.73,37.5,36.69,37.5
2019-12-12,36.5,36.58,36.24,36.4
2019-12-11,36.29,36.45,36.11,36.4
2019-12-10,36.07,36.36,36.05,36.12
2019-12-09,36.38,36.44,36.03,36.27
2019-12-06,36.47,36.58,36.18,36.41
2019-12-05,36.48,36.6,36.12,36.38
2019-12-04,36.07,36.42,36.04,36.28
2019-12-03,35.92,36.6,35.73,36.46
2019-12-02,36.1,36.38,35.97,36.11
2019-11-29,36.48,36.69,35.92,36.03
2019-11-28,36.56,36.88,36.44,36.63
2019-11-27,36.19,36.88,36.06,36.65
2019-11-26,36.79,36.8,36.0,36.0
2019-11-25,36.4,36.72,36.32,36.58
2019-11-22,36.7,36.85,36.08,36.23
2019-11-21,36.36,36.69,36.07,36.44
2019-11-20,37.24,37.37,36.49,36.58
2019-11-19,37.45,37.8,37.31,37.52
2019-11-18,36.83,37.89,36.73,37.5
2019-11-15,36.98,37.06,36.6,36.83
2019-11-14,37.19,37.25,36.65,36.74
2019-11-13,37.05,37.38,36.9,37.0
2019-11-12,37.31,37.49,36.91,37.2
2019-11-11,37.53,37.69,37.17,37.31
2019-11-08,38.48,38.55,37.6,37.75
2019-11-07,38.13,38.38,37.82,38.16
2019-11-06,37.66,38.48,37.53,38.15
2019-11-05,37.19,38.15,36.98,37.66
2019-11-04,36.97,37.28,36.69,37.18
2019-11-01,35.57,36.76,35.38,36.6
2019-10-31,35.7,35.87,35.28,35.5
2019-10-30,36.11,36.23,35.31,35.41
2019-10-29,36.27,36.37,35.91,36.15
2019-10-28,36.48,36.93,36.1,36.2
2019-10-25,36.67,36.67,36.04,36.4
2019-10-24,36.18,36.75,35.96,36.5
2019-10-23,36.05,36.3,35.82,36.0
2019-10-22,36.47,36.48,35.67,36.13
2019-10-21,36.1,36.5,35.77,36.22
2019-10-18,37.1,37.28,36.1,36.18
2019-10-17,36.81,37.15,36.54,37.0
2019-10-16,36.97,37.45,36.4,36.81
2019-10-15,37.22,37.22,36.47,36.64
2019-10-14,36.6,37.44,36.6,36.83
2019-10-11,35.3,36.37,35.3,36.29
2019-10-10,35.21,35.38,35.02,35.11
2019-10-09,34.52,35.67,34.5,35.18
2019-10-08,34.7,35.1,34.5,34.81
2019-09-30,34.79,35.33,34.7,34.75
2019-09-27,35.15,35.69,34.82,35.2
2019-09-26,34.45,35.62,34.28,35.22
2019-09-25,34.05,34.47,33.87,34.35
2019-09-24,34.25,34.25,33.97,34.08
2019-09-23,34.4,34.4,33.88,34.04
2019-09-20,34.71,34.76,34.38,34.51
2019-09-19,34.94,34.96,34.36,34.51
2019-09-18,34.8,34.94,34.71,34.8
2019-09-17,35.07,35.18,34.62,34.79
2019-09-16,35.5,35.54,34.82,35.0
2019-09-12,35.4,35.43,34.97,35.29
2019-09-11,35.19,35.24,34.71,35.05
2019-09-10,35.71,35.74,34.75,35.0
2019-09-09,36.09,36.44,35.34,35.5
2019-09-06,35.9,35.99,35.55,35.89
2019-09-05,35.03,35.9,35.03,35.52
2019-09-04,34.11,35.06,34.01,34.89
2019-09-03,34.37,34.46,34.01,34.15
2019-09-02,34.28,34.66,34.25,34.34
2019-08-30,34.29,34.39,33.95,34.28
2019-08-29,34.5,34.55,33.7,33.93
2019-08-28,35.0,35.08,34.41,34.5
2019-08-27,35.38,35.62,34.75,34.75
2019-08-26,35.5,35.8,34.77,35.0
2019-08-23,35.22,36.54,35.22,36.27
2019-08-22,35.59,35.64,35.14,35.34
2019-08-21,35.24,35.6,35.16,35.45
2019-08-20,35.0,35.56,34.9,35.33
2019-08-19,34.97,35.3,34.44,35.3
2019-08-16,34.89,35.4,34.52,35.16
2019-08-15,34.2,34.94,34.1,34.87
2019-08-14,35.22,35.4,34.8,34.86
2019-08-13,35.19,35.25,34.8,34.85
2019-08-12,34.99,35.46,34.8,35.41
2019-08-09,35.46,35.5,34.91,34.99
2019-08-08,34.8,35.49,34.8,35.36
2019-08-07,34.9,34.98,34.44,34.53
2019-08-06,34.5,35.07,34.4,34.88
2019-08-05,35.52,35.69,35.09,35.21
2019-08-02,35.55,35.96,35.4,35.75
2019-08-01,36.4,36.59,35.91,36.2
2019-07-31,36.5,36.8,36.45,36.56
2019-07-30,36.8,37.17,36.7,36.77
2019-07-29,37.2,37.2,36.6,36.83
2019-07-26,37.05,37.37,37.03,37.22
2019-07-25,36.75,37.48,36.75,37.26
2019-07-24,36.44,36.96,36.24,36.43
2019-07-23,36.37,36.5,36.01,36.21
2019-07-22,36.36,36.77,36.09,36.37
2019-07-19,35.68,36.49,35.58,36.37
2019-07-18,35.3,35.58,35.07,35.32
2019-07-17,35.11,35.42,35.01,35.21
2019-07-16,35.37,35.5,35.15,35.31
2019-07-15,35.01,35.68,34.5,35.3
2019-07-12,35.18,35.6,35.02,35.4
2019-07-11,35.46,36.06,35.31,35.9
2019-07-10,35.6,35.65,34.98,35.12
2019-07-09,35.58,35.7,35.2,35.29
2019-07-08,36.08,36.2,35.36,35.56
2019-07-05,36.2,36.63,36.0,36.47
2019-07-04,36.37,36.44,36.01,36.08
2019-07-03,36.39,36.49,36.06,36.15
2019-07-02,36.92,36.92,36.3,36.52
2019-07-01,36.75,37.23,36.7,36.9
2019-06-28,36.35,36.53,35.84,35.98
2019-06-27,35.88,36.56,35.75,36.45
2019-06-26,35.07,35.93,35.02,35.47
2019-06-25,37.51,37.51,34.75,36.13
2019-06-24,37.52,37.99,37.48,37.96
2019-06-21,38.38,38.5,37.5,37.69
2019-06-20,36.86,38.48,36.86,38.38
2019-06-19,36.99,37.3,36.57,36.8
2019-06-18,35.7,36.02,35.51,36.02
2019-06-17,35.3,35.98,35.26,35.6
2019-06-14,35.33,35.57,35.18,35.35
2019-06-13,35.33,35.5,34.88,35.25
2019-06-12,35.39,35.51,35.05,35.33
2019-06-11,34.74,35.54,34.74,35.42
2019-06-10,34.03,34.9,34.01,34.74
2019-06-06,34.13,34.13,33.38,33.9
2019-06-05,34.33,34.46,33.92,33.95
2019-06-04,34.4,34.41,33.76,34.03
2019-06-03,34.25,34.65,33.88,34.4
2019-05-31,34.2,34.7,34.01,34.21
2019-05-30,34.41,34.51,33.86,34.3
2019-05-29,33.91,34.69,33.85,34.25
2019-05-28,33.75,34.6,33.62,34.38
2019-05-27,33.48,33.95,32.8,33.78
2019-05-24,33.58,34.13,33.39,33.6
2019-05-23,33.31,33.6,32.95,33.35
2019-05-22,33.63,33.85,33.3,33.53
2019-05-21,33.29,34.1,33.14,33.63
2019-05-20,33.3,33.79,32.82,33.28
2019-05-17,33.7,33.8,32.97,33.31
2019-05-16,33.63,33.94,33.41,33.67
2019-05-15,33.0,33.85,32.79,33.63
2019-05-14,32.3,33.2,32.29,32.56
2019-05-13,33.05,33.29,32.63,32.8
2019-05-10,32.86,33.8,32.86,33.61
2019-05-09,33.0,33.25,32.02,32.42
2019-05-08,33.3,33.58,33.0,33.13
2019-05-07,34.18,34.18,33.36,33.71
