date,ts_code,open,high,low,close,pre_close,change,pct_chg,vol,amount
2019-01-02,600036.SH,25.15,25.2,24.4,24.57,25.2,-0.63,-2.5,555166.12,1368988.405
2019-01-03,600036.SH,24.4,25.05,24.38,24.88,24.57,0.31,1.2617,374107.58,929035.565
2019-01-04,600036.SH,24.76,25.65,24.65,25.51,24.88,0.63,2.5322,668531.4,1690412.096
2019-01-07,600036.SH,25.51,25.77,25.29,25.52,25.51,0.01,0.0392,456040.29,1162564.002
2019-01-08,600036.SH,25.5,25.52,25.16,25.22,25.52,-0.3,-1.1755,269280.31,680284.501
2019-01-09,600036.SH,25.22,26.1,25.22,25.7,25.22,0.48,1.9033,638200.48,1644588.152
2019-01-10,600036.SH,25.5,26.08,25.47,25.85,25.7,0.15,0.5837,426306.89,1101271.158
2019-01-11,600036.SH,25.85,26.58,25.75,26.46,25.85,0.61,2.3598,493910.33,1299657.728
2019-01-14,600036.SH,26.46,26.56,26.22,26.31,26.46,-0.15,-0.5669,294244.62,776229.254
2019-01-15,600036.SH,26.31,26.83,26.3,26.8,26.31,0.49,1.8624,366718.91,976628.108
2019-01-16,600036.SH,26.7,26.88,26.61,26.85,26.8,0.05,0.1866,229955.24,615072.738
2019-01-17,600036.SH,26.85,26.85,26.43,26.47,26.85,-0.38,-1.4153,323682.14,862634.819
2019-01-18,600036.SH,26.47,27.26,26.46,27.1,26.47,0.63,2.3801,546397.85,1474685.187
2019-01-21,600036.SH,27.08,27.7,27.03,27.33,27.1,0.23,0.8487,415588.08,1136772.654
2019-01-22,600036.SH,27.3,27.45,26.76,26.98,27.33,-0.35,-1.2806,349072.41,942772.504
2019-01-23,600036.SH,26.95,27.42,26.92,27.16,26.98,0.18,0.6672,273250.47,742831.971
2019-01-24,600036.SH,27.18,28.04,27.18,27.87,27.16,0.71,2.6141,543409.53,1507548.458
2019-01-25,600036.SH,27.87,28.63,27.85,28.52,27.87,0.65,2.3323,536481.7,1525048.705
2019-01-28,600036.SH,28.52,29.14,28.5,28.66,28.52,0.14,0.4909,577365.88,1665507.65
2019-01-29,600036.SH,28.56,28.83,28.47,28.64,28.66,-0.02,-0.0698,346628.58,993511.466
2019-01-30,600036.SH,28.6,28.79,28.32,28.42,28.64,-0.22,-0.7682,266892.04,761698.908
2019-01-31,600036.SH,28.45,29.29,28.45,29.21,28.42,0.79,2.7797,571420.36,1657359.517
2019-02-01,600036.SH,29.21,29.43,28.88,29.3,29.21,0.09,0.3081,396521.6,1156418.914
2019-02-11,600036.SH,29.1,29.53,28.9,29.39,29.3,0.09,0.3072,353635.99,1034587.928
2019-02-12,600036.SH,29.39,29.58,28.98,29.32,29.39,-0.07,-0.2382,395827.11,1157190.462
2019-02-13,600036.SH,29.32,30.04,29.12,29.84,29.32,0.52,1.7735,535775.89,1579966.914
2019-02-14,600036.SH,29.65,30.1,29.49,29.86,29.84,0.02,0.067,452386.56,1349953.528
2019-02-15,600036.SH,29.74,29.85,28.91,29.15,29.86,-0.71,-2.3778,495666.59,1450557.701
2019-02-18,600036.SH,29.35,29.99,29.35,29.87,29.15,0.72,2.47,446645.84,1330843.104
2019-02-19,600036.SH,29.86,30.63,29.72,29.88,29.87,0.01,0.0335,493676.44,1483350.105
2019-02-20,600036.SH,30.27,30.44,29.98,30.15,29.88,0.27,0.9036,334340.29,1010101.525
2019-02-21,600036.SH,30.18,30.64,29.84,30.08,30.15,-0.07,-0.2322,453139.76,1367327.564
2019-02-22,600036.SH,30.07,30.64,29.8,30.63,30.08,0.55,1.8285,414875.07,1252498.181
2019-02-25,600036.SH,31.0,32.9,30.97,32.52,30.63,1.89,6.1704,1101846.76,3503029.739
2019-02-26,600036.SH,32.29,33.0,31.32,31.49,32.52,-1.03,-3.1673,948562.86,3028023.006
2019-02-27,600036.SH,31.7,32.32,31.4,31.71,31.49,0.22,0.6986,808342.44,2568322.892
2019-02-28,600036.SH,31.7,32.1,31.45,31.74,31.71,0.03,0.0946,487643.47,1547972.358
2019-03-01,600036.SH,32.05,32.93,31.65,32.9,31.74,1.16,3.6547,682670.71,2200500.068
2019-03-04,600036.SH,33.0,33.79,32.5,32.69,32.9,-0.21,-0.6383,956461.15,3151361.469
2019-03-05,600036.SH,32.86,32.86,32.1,32.35,32.69,-0.34,-1.0401,673803.67,2188597.546
2019-03-06,600036.SH,32.31,32.61,31.78,32.22,32.35,-0.13,-0.4019,546736.3,1758476.276
2019-03-07,600036.SH,32.01,32.1,30.97,31.3,32.22,-0.92,-2.8554,707727.28,2227173.172
2019-03-08,600036.SH,30.74,31.21,30.36,30.78,31.3,-0.52,-1.6613,770066.01,2368272.351
2019-03-11,600036.SH,30.57,30.83,30.18,30.53,30.78,-0.25,-0.8122,675309.95,2056842.749
2019-03-12,600036.SH,30.91,31.33,30.45,30.66,30.53,0.13,0.4258,838697.24,2593572.147
2019-03-13,600036.SH,30.79,31.32,30.25,31.04,30.66,0.38,1.2394,666611.44,2057062.461
2019-03-14,600036.SH,30.98,31.9,30.9,31.45,31.04,0.41,1.3209,684942.4,2162754.036
2019-03-15,600036.SH,31.42,31.95,31.2,31.67,31.45,0.22,0.6995,595942.69,1888156.823
2019-03-18,600036.SH,31.79,32.56,31.59,32.36,31.67,0.69,2.1787,593130.92,1902942.879
2019-03-19,600036.SH,32.4,32.62,31.93,32.03,32.36,-0.33,-1.0198,486750.5,1565782.395
2019-03-20,600036.SH,31.88,32.47,31.7,32.27,32.03,0.24,0.7493,465379.13,1492217.313
2019-03-21,600036.SH,32.13,32.4,31.92,31.98,32.27,-0.29,-0.8987,386223.72,1240270.281
2019-03-22,600036.SH,32.08,32.38,31.71,32.35,31.98,0.37,1.157,430268.48,1380682.468
2019-03-25,600036.SH,32.0,32.1,31.1,31.17,32.35,-1.18,-3.6476,639210.55,2018228.647
2019-03-26,600036.SH,31.59,31.65,31.21,31.49,31.17,0.32,1.0266,403361.9,1268771.627
2019-03-27,600036.SH,31.69,32.54,31.45,32.4,31.49,0.91,2.8898,594154.47,1915279.543
2019-03-28,600036.SH,32.17,32.65,31.95,32.52,32.4,0.12,0.3704,387422.55,1251752.176
2019-03-29,600036.SH,32.52,34.32,32.41,33.92,32.52,1.4,4.305,1164152.21,3924014.336
2019-04-01,600036.SH,34.2,35.05,33.9,34.08,33.92,0.16,0.4717,1046396.18,3595503.205
2019-04-02,600036.SH,34.1,34.59,34.09,34.49,34.08,0.41,1.2031,694286.66,2385380.774
2019-04-03,600036.SH,34.4,34.95,34.31,34.86,34.49,0.37,1.0728,581606.43,2016043.612
2019-04-04,600036.SH,34.9,36.05,34.9,35.59,34.86,0.73,2.0941,822852.26,2919598.558
2019-04-08,600036.SH,35.7,36.27,35.65,35.93,35.59,0.34,0.9553,810662.01,2913400.186
2019-04-09,600036.SH,35.9,35.91,35.06,35.23,35.93,-0.7,-1.9482,511236.25,1811302.889
2019-04-10,600036.SH,35.05,35.43,34.52,35.07,35.23,-0.16,-0.4542,674541.17,2358129.547
2019-04-11,600036.SH,35.19,35.65,34.72,34.96,35.07,-0.11,-0.3137,572516.04,2008064.351
2019-04-12,600036.SH,34.86,35.0,34.6,34.8,34.96,-0.16,-0.4577,363358.01,1264673.345
2019-04-15,600036.SH,35.42,36.22,34.82,34.82,34.8,0.02,0.0575,924920.92,3299629.416
2019-04-16,600036.SH,34.7,36.1,34.6,36.0,34.82,1.18,3.3889,840815.16,2991158.275
2019-04-17,600036.SH,35.89,36.48,35.63,35.83,36.0,-0.17,-0.4722,494789.82,1778194.094
2019-04-18,600036.SH,35.8,35.8,35.13,35.5,35.83,-0.33,-0.921,322740.7,1143221.193
2019-04-19,600036.SH,35.6,36.45,35.58,36.0,35.5,0.5,1.4085,411748.63,1481680.33
2019-04-22,600036.SH,35.8,36.15,34.4,34.8,36.0,-1.2,-3.3333,715829.71,2512863.629
2019-04-23,600036.SH,34.7,35.59,34.67,35.23,34.8,0.43,1.2356,495692.11,1748713.75
2019-04-24,600036.SH,35.53,35.9,34.82,35.8,35.23,0.57,1.6179,540098.31,1922166.631
2019-04-25,600036.SH,35.35,35.86,35.28,35.43,35.8,-0.37,-1.0335,433788.27,1542369.865
2019-04-26,600036.SH,35.16,35.2,34.34,34.36,35.43,-1.07,-3.02,517344.43,1797598.594
2019-04-29,600036.SH,34.57,35.73,34.42,35.33,34.36,0.97,2.8231,550331.76,1937765.299
2019-04-30,600036.SH,34.57,34.9,33.85,34.45,35.33,-0.88,-2.4908,953711.97,3274708.143
2019-05-06,600036.SH,33.2,34.05,32.88,33.91,34.45,-0.54,-1.5675,1133678.74,3784588.227
2019-05-07,600036.SH,34.18,34.18,33.36,33.71,33.91,-0.2,-0.5898,617476.24,2078552.508
2019-05-08,600036.SH,33.3,33.58,33.0,33.13,33.71,-0.58,-1.7206,481745.11,1601956.981
2019-05-09,600036.SH,33.0,33.25,32.02,32.42,33.13,-0.71,-2.1431,581103.75,1893434.384
2019-05-10,600036.SH,32.86,33.8,32.86,33.61,32.42,1.19,3.6706,654775.78,2191300.33
2019-05-13,600036.SH,33.05,33.29,32.63,32.8,33.61,-0.81,-2.41,343408.59,1130792.902
2019-05-14,600036.SH,32.3,33.2,32.29,32.56,32.8,-0.24,-0.7317,488642.53,1599744.262
2019-05-15,600036.SH,33.0,33.85,32.79,33.63,32.56,1.07,3.2862,440591.0,1471301.765
2019-05-16,600036.SH,33.63,33.94,33.41,33.67,33.63,0.04,0.1189,334642.91,1128388.77
2019-05-17,600036.SH,33.7,33.8,32.97,33.31,33.67,-0.36,-1.0692,359256.93,1196233.846
2019-05-20,600036.SH,33.3,33.79,32.82,33.28,33.31,-0.03,-0.0901,418304.36,1388670.239
2019-05-21,600036.SH,33.29,34.1,33.14,33.63,33.28,0.35,1.0517,503444.18,1699238.453
2019-05-22,600036.SH,33.63,33.85,33.3,33.53,33.63,-0.1,-0.2974,345080.85,1157944.609
2019-05-23,600036.SH,33.31,33.6,32.95,33.35,33.53,-0.18,-0.5368,383860.13,1277508.313
2019-05-24,600036.SH,33.58,34.13,33.39,33.6,33.35,0.25,0.7496,429908.84,1449787.998
2019-05-27,600036.SH,33.48,33.95,32.8,33.78,33.6,0.18,0.5357,477259.47,1592620.302
2019-05-28,600036.SH,33.75,34.6,33.62,34.38,33.78,0.6,1.7762,694570.87,2375260.224
2019-05-29,600036.SH,33.91,34.69,33.85,34.25,34.38,-0.13,-0.3781,376828.84,1292718.402
2019-05-30,600036.SH,34.41,34.51,33.86,34.3,34.25,0.05,0.146,297307.64,1016453.738
2019-05-31,600036.SH,34.2,34.7,34.01,34.21,34.3,-0.09,-0.2624,305223.99,1048608.82
2019-06-03,600036.SH,34.25,34.65,33.88,34.4,34.21,0.19,0.5554,394814.01,1351932.252
2019-06-04,600036.SH,34.4,34.41,33.76,34.03,34.4,-0.37,-1.0756,327891.27,1113572.392
2019-06-05,600036.SH,34.33,34.46,33.92,33.95,34.03,-0.08,-0.2351,269274.25,919338.24
2019-06-06,600036.SH,34.13,34.13,33.38,33.9,33.95,-0.05,-0.1473,302325.1,1024276.66
2019-06-10,600036.SH,34.03,34.9,34.01,34.74,33.9,0.84,2.4779,493055.17,1707698.127
2019-06-11,600036.SH,34.74,35.54,34.74,35.42,34.74,0.68,1.9574,523697.07,1840362.215
2019-06-12,600036.SH,35.39,35.51,35.05,35.33,35.42,-0.09,-0.2541,270915.58,956824.031
2019-06-13,600036.SH,35.33,35.5,34.88,35.25,35.33,-0.08,-0.2264,256232.23,901854.016
2019-06-14,600036.SH,35.33,35.57,35.18,35.35,35.25,0.1,0.2837,341836.57,1207793.174
2019-06-17,600036.SH,35.3,35.98,35.26,35.6,35.35,0.25,0.7072,262376.33,935672.872
2019-06-18,600036.SH,35.7,36.02,35.51,36.02,35.6,0.42,1.1798,302284.48,1084120.436
2019-06-19,600036.SH,36.99,37.3,36.57,36.8,36.02,0.78,2.1655,652388.79,2411603.687
2019-06-20,600036.SH,36.86,38.48,36.86,38.38,36.8,1.58,4.2935,742298.68,2808109.447
2019-06-21,600036.SH,38.38,38.5,37.5,37.69,38.38,-0.69,-1.7978,596176.31,2257474.698
2019-06-24,600036.SH,37.52,37.99,37.48,37.96,37.69,0.27,0.7164,308816.29,1166862.209
2019-06-25,600036.SH,37.51,37.51,34.75,36.13,37.96,-1.83,-4.8209,2435121.52,8747563.858
2019-06-26,600036.SH,35.07,35.93,35.02,35.47,36.13,-0.66,-1.8267,1049978.1,3729647.597
2019-06-27,600036.SH,35.88,36.56,35.75,36.45,35.47,0.98,2.7629,928056.29,3369234.27
2019-06-28,600036.SH,36.35,36.53,35.84,35.98,36.45,-0.47,-1.2894,530623.39,1914139.579
2019-07-01,600036.SH,36.75,37.23,36.7,36.9,35.98,0.92,2.557,812454.91,2997920.556
2019-07-02,600036.SH,36.92,36.92,36.3,36.52,36.9,-0.38,-1.0298,612233.95,2235226.043
2019-07-03,600036.SH,36.39,36.49,36.06,36.15,36.52,-0.37,-1.0131,479284.41,1735338.347
2019-07-04,600036.SH,36.37,36.44,36.01,36.08,36.15,-0.07,-0.1936,379173.54,1371454.234
2019-07-05,600036.SH,36.2,36.63,36.0,36.47,36.08,0.39,1.0809,364515.91,1325134.309
2019-07-08,600036.SH,36.08,36.2,35.36,35.56,36.47,-0.91,-2.4952,506105.41,1805159.246
2019-07-09,600036.SH,35.58,35.7,35.2,35.29,35.56,-0.27,-0.7593,281060.75,993475.022
2019-07-10,600036.SH,35.6,35.65,34.98,35.12,35.29,-0.17,-0.4817,444870.76,1564014.123
2019-07-11,600036.SH,35.46,36.06,35.31,35.9,35.12,0.78,2.221,598289.66,2141800.97
2019-07-12,600036.SH,35.18,35.6,35.02,35.4,34.96,0.44,1.2586,497466.75,1759080.553
2019-07-15,600036.SH,35.01,35.68,34.5,35.3,35.4,-0.1,-0.2825,422717.63,1482173.72
2019-07-16,600036.SH,35.37,35.5,35.15,35.31,35.3,0.01,0.0283,270145.54,955308.164
2019-07-17,600036.SH,35.11,35.42,35.01,35.21,35.31,-0.1,-0.2832,226376.19,796929.618
2019-07-18,600036.SH,35.3,35.58,35.07,35.32,35.21,0.11,0.3124,338900.48,1198433.942
2019-07-19,600036.SH,35.68,36.49,35.58,36.37,35.32,1.05,2.9728,498642.04,1804011.55
2019-07-22,600036.SH,36.36,36.77,36.09,36.37,36.37,0.0,0.0,337329.97,1230690.061
2019-07-23,600036.SH,36.37,36.5,36.01,36.21,36.37,-0.16,-0.4399,250795.06,909838.723
2019-07-24,600036.SH,36.44,36.96,36.24,36.43,36.21,0.22,0.6076,342634.49,1254224.791
2019-07-25,600036.SH,36.75,37.48,36.75,37.26,36.43,0.83,2.2783,509943.42,1896150.462
2019-07-26,600036.SH,37.05,37.37,37.03,37.22,37.26,-0.04,-0.1074,233918.62,870022.305
2019-07-29,600036.SH,37.2,37.2,36.6,36.83,37.22,-0.39,-1.0478,317503.58,1170614.801
2019-07-30,600036.SH,36.8,37.17,36.7,36.77,36.83,-0.06,-0.1629,261837.18,966377.345
2019-07-31,600036.SH,36.5,36.8,36.45,36.56,36.77,-0.21,-0.5711,273067.07,998321.822
2019-08-01,600036.SH,36.4,36.59,35.91,36.2,36.56,-0.36,-0.9847,322315.81,1166692.625
2019-08-02,600036.SH,35.55,35.96,35.4,35.75,36.2,-0.45,-1.2431,489480.13,1744741.168
2019-08-05,600036.SH,35.52,35.69,35.09,35.21,35.75,-0.54,-1.5105,452127.18,1597313.152
2019-08-06,600036.SH,34.5,35.07,34.4,34.88,35.21,-0.33,-0.9372,585695.59,2038065.671
2019-08-07,600036.SH,34.9,34.98,34.44,34.53,34.88,-0.35,-1.0034,550566.14,1907381.568
2019-08-08,600036.SH,34.8,35.49,34.8,35.36,34.53,0.83,2.4037,456257.39,1602214.298
2019-08-09,600036.SH,35.46,35.5,34.91,34.99,35.36,-0.37,-1.0464,336141.93,1181594.152
2019-08-12,600036.SH,34.99,35.46,34.8,35.41,34.99,0.42,1.2003,392258.49,1377596.532
2019-08-13,600036.SH,35.19,35.25,34.8,34.85,35.41,-0.56,-1.5815,297365.1,1039741.519
2019-08-14,600036.SH,35.22,35.4,34.8,34.86,34.85,0.01,0.0287,377493.08,1322902.547
2019-08-15,600036.SH,34.2,34.94,34.1,34.87,34.86,0.01,0.0287,300548.09,1040105.626
2019-08-16,600036.SH,34.89,35.4,34.52,35.16,34.87,0.29,0.8317,408444.67,1431729.717
2019-08-19,600036.SH,34.97,35.3,34.44,35.3,35.16,0.14,0.3982,714933.74,2493400.951
2019-08-20,600036.SH,35.0,35.56,34.9,35.33,35.3,0.03,0.085,380369.43,1340295.547
2019-08-21,600036.SH,35.24,35.6,35.16,35.45,35.33,0.12,0.3397,299825.16,1062519.113
2019-08-22,600036.SH,35.59,35.64,35.14,35.34,35.45,-0.11,-0.3103,228624.67,808431.523
2019-08-23,600036.SH,35.22,36.54,35.22,36.27,35.34,0.93,2.6316,706098.52,2544555.084
2019-08-26,600036.SH,35.5,35.8,34.77,35.0,36.27,-1.27,-3.5015,867362.65,3045354.099
2019-08-27,600036.SH,35.38,35.62,34.75,34.75,35.0,-0.25,-0.7143,817511.79,2876573.97
2019-08-28,600036.SH,35.0,35.08,34.41,34.5,34.75,-0.25,-0.7194,514762.26,1780588.508
2019-08-29,600036.SH,34.5,34.55,33.7,33.93,34.5,-0.57,-1.6522,711617.85,2415342.459
2019-08-30,600036.SH,34.29,34.39,33.95,34.28,33.93,0.35,1.0315,596579.69,2039657.518
2019-09-02,600036.SH,34.28,34.66,34.25,34.34,34.28,0.06,0.175,507982.81,1752014.271
2019-09-03,600036.SH,34.37,34.46,34.01,34.15,34.34,-0.19,-0.5533,407169.69,1390955.164
2019-09-04,600036.SH,34.11,35.06,34.01,34.89,34.15,0.74,2.1669,634636.16,2202852.785
2019-09-05,600036.SH,35.03,35.9,35.03,35.52,34.89,0.63,1.8057,723702.46,2573174.32
2019-09-06,600036.SH,35.9,35.99,35.55,35.89,35.52,0.37,1.0417,473162.76,1692573.89
2019-09-09,600036.SH,36.09,36.44,35.34,35.5,35.89,-0.39,-1.0867,756151.32,2697975.757
2019-09-10,600036.SH,35.71,35.74,34.75,35.0,35.5,-0.5,-1.4085,675330.66,2361508.165
2019-09-11,600036.SH,35.19,35.24,34.71,35.05,35.0,0.05,0.1429,609089.4,2129059.918
2019-09-12,600036.SH,35.4,35.43,34.97,35.29,35.05,0.24,0.6847,525821.71,1851086.313
2019-09-16,600036.SH,35.5,35.54,34.82,35.0,35.29,-0.29,-0.8218,461668.05,1617245.973
2019-09-17,600036.SH,35.07,35.18,34.62,34.79,35.0,-0.21,-0.6,443070.9,1546391.358
2019-09-18,600036.SH,34.8,34.94,34.71,34.8,34.79,0.01,0.0287,353748.07,1232164.287
2019-09-19,600036.SH,34.94,34.96,34.36,34.51,34.8,-0.29,-0.8333,538453.25,1858895.881
2019-09-20,600036.SH,34.71,34.76,34.38,34.51,34.51,0.0,0.0,694944.64,2401483.947
2019-09-23,600036.SH,34.4,34.4,33.88,34.04,34.51,-0.47,-1.3619,610254.44,2075660.837
2019-09-24,600036.SH,34.25,34.25,33.97,34.08,34.04,0.04,0.1175,365718.35,1245693.485
2019-09-25,600036.SH,34.05,34.47,33.87,34.35,34.08,0.27,0.7923,467793.76,1601997.09
2019-09-26,600036.SH,34.45,35.62,34.28,35.22,34.35,0.87,2.5328,1084408.12,3804658.828
2019-09-27,600036.SH,35.15,35.69,34.82,35.2,35.22,-0.02,-0.0568,672677.96,2368047.235
2019-09-30,600036.SH,34.79,35.33,34.7,34.75,35.2,-0.45,-1.2784,391203.77,1370027.544
2019-10-08,600036.SH,34.7,35.1,34.5,34.81,34.75,0.06,0.1727,645886.57,2250110.388
2019-10-09,600036.SH,34.52,35.67,34.5,35.18,34.81,0.37,1.0629,821613.76,2896026.737
2019-10-10,600036.SH,35.21,35.38,35.02,35.11,35.18,-0.07,-0.199,378700.52,1332044.307
2019-10-11,600036.SH,35.3,36.37,35.3,36.29,35.11,1.18,3.3609,1043873.14,3760500.499
2019-10-14,600036.SH,36.6,37.44,36.6,36.83,36.29,0.54,1.488,874334.43,3237676.515
2019-10-15,600036.SH,37.22,37.22,36.47,36.64,36.83,-0.19,-0.5159,458104.96,1680658.831
2019-10-16,600036.SH,36.97,37.45,36.4,36.81,36.64,0.17,0.464,514897.6,1902454.585
2019-10-17,600036.SH,36.81,37.15,36.54,37.0,36.81,0.19,0.5162,342587.78,1264253.177
2019-10-18,600036.SH,37.1,37.28,36.1,36.18,37.0,-0.82,-2.2162,454349.8,1660975.667
2019-10-21,600036.SH,36.1,36.5,35.77,36.22,36.18,0.04,0.1106,359425.51,1300444.689
2019-10-22,600036.SH,36.47,36.48,35.67,36.13,36.22,-0.09,-0.2485,332073.88,1193683.5
2019-10-23,600036.SH,36.05,36.3,35.82,36.0,36.13,-0.13,-0.3598,313470.67,1131160.46
2019-10-24,600036.SH,36.18,36.75,35.96,36.5,36.0,0.5,1.3889,431220.21,1571999.093
2019-10-25,600036.SH,36.67,36.67,36.04,36.4,36.5,-0.1,-0.274,246142.15,892763.388
2019-10-28,600036.SH,36.48,36.93,36.1,36.2,36.4,-0.2,-0.5495,328083.46,1191663.975
2019-10-29,600036.SH,36.27,36.37,35.91,36.15,36.2,-0.05,-0.1381,266100.94,961023.821
2019-10-30,600036.SH,36.11,36.23,35.31,35.41,36.15,-0.74,-2.047,483262.6,1720463.214
2019-10-31,600036.SH,35.7,35.87,35.28,35.5,35.41,0.09,0.2542,507042.05,1805894.998
2019-11-01,600036.SH,35.57,36.76,35.38,36.6,35.5,1.1,3.0986,668555.74,2425821.889
2019-11-04,600036.SH,36.97,37.28,36.69,37.18,36.6,0.58,1.5847,596402.16,2210377.095
2019-11-05,600036.SH,37.19,38.15,36.98,37.66,37.18,0.48,1.291,723330.61,2724426.631
2019-11-06,600036.SH,37.66,38.48,37.53,38.15,37.66,0.49,1.3011,708448.94,2705336.305
2019-11-07,600036.SH,38.13,38.38,37.82,38.16,38.15,0.01,0.0262,350551.61,1336451.65
2019-11-08,600036.SH,38.48,38.55,37.6,37.75,38.16,-0.41,-1.0744,457082.15,1739031.666
2019-11-11,600036.SH,37.53,37.69,37.17,37.31,37.75,-0.44,-1.1656,392939.88,1471061.703
2019-11-12,600036.SH,37.31,37.49,36.91,37.2,37.31,-0.11,-0.2948,363831.52,1354249.07
2019-11-13,600036.SH,37.05,37.38,36.9,37.0,37.2,-0.2,-0.5376,392934.01,1456511.446
2019-11-14,600036.SH,37.19,37.25,36.65,36.74,37.0,-0.26,-0.7027,292912.2,1078428.853
2019-11-15,600036.SH,36.98,37.06,36.6,36.83,36.74,0.09,0.245,315008.56,1162061.809
2019-11-18,600036.SH,36.83,37.89,36.73,37.5,36.83,0.67,1.8192,574455.3,2149791.797
2019-11-19,600036.SH,37.45,37.8,37.31,37.52,37.5,0.02,0.0533,390184.48,1463591.441
2019-11-20,600036.SH,37.24,37.37,36.49,36.58,37.52,-0.94,-2.5053,482774.48,1776707.173
2019-11-21,600036.SH,36.36,36.69,36.07,36.44,36.58,-0.14,-0.3827,297436.4,1081481.614
2019-11-22,600036.SH,36.7,36.85,36.08,36.23,36.44,-0.21,-0.5763,322738.96,1175858.814
2019-11-25,600036.SH,36.4,36.72,36.32,36.58,36.23,0.35,0.9661,264162.58,966079.49
2019-11-26,600036.SH,36.79,36.8,36.0,36.0,36.58,-0.58,-1.5856,448595.22,1630207.659
2019-11-27,600036.SH,36.19,36.88,36.06,36.65,36.0,0.65,1.8056,350695.1,1283181.354
2019-11-28,600036.SH,36.56,36.88,36.44,36.63,36.65,-0.02,-0.0546,208520.93,763903.768
2019-11-29,600036.SH,36.48,36.69,35.92,36.03,36.63,-0.6,-1.638,334788.73,1210713.277
2019-12-02,600036.SH,36.1,36.38,35.97,36.11,36.03,0.08,0.222,197339.74,713692.292
2019-12-03,600036.SH,35.92,36.6,35.73,36.46,36.11,0.35,0.9693,276805.68,1004322.265
2019-12-04,600036.SH,36.07,36.42,36.04,36.28,36.46,-0.18,-0.4937,230906.27,835895.192
2019-12-05,600036.SH,36.48,36.6,36.12,36.38,36.28,0.1,0.2756,264779.25,962515.349
2019-12-06,600036.SH,36.47,36.58,36.18,36.41,36.38,0.03,0.0825,255846.4,929546.913
2019-12-09,600036.SH,36.38,36.44,36.03,36.27,36.41,-0.14,-0.3845,250787.8,908083.891
2019-12-10,600036.SH,36.07,36.36,36.05,36.12,36.27,-0.15,-0.4136,227355.72,822478.503
2019-12-11,600036.SH,36.29,36.45,36.11,36.4,36.12,0.28,0.7752,280779.21,1018761.748
2019-12-12,600036.SH,36.5,36.58,36.24,36.4,36.4,0.0,0.0,250113.28,909207.353
2019-12-13,600036.SH,36.73,37.5,36.69,37.5,36.4,1.1,3.022,654956.01,2430849.617
2019-12-16,600036.SH,37.25,37.48,37.1,37.28,37.5,-0.22,-0.5867,352876.93,1314017.57
2019-12-17,600036.SH,37.25,37.85,36.9,37.5,37.28,0.22,0.5901,563127.39,2106137.323
2019-12-18,600036.SH,37.55,38.15,37.55,37.99,37.5,0.49,1.3067,541322.37,2052043.202
2019-12-19,600036.SH,38.0,38.25,37.73,37.77,37.99,-0.22,-0.5791,301884.08,1144128.603
2019-12-20,600036.SH,37.82,38.03,37.4,37.54,37.77,-0.23,-0.6089,288007.48,1085477.957
2019-12-23,600036.SH,37.79,38.0,37.25,37.4,37.54,-0.14,-0.3729,358746.75,1349470.854
2019-12-24,600036.SH,37.45,38.15,37.45,38.01,37.4,0.61,1.631,341856.44,1296815.029
2019-12-25,600036.SH,38.01,38.23,37.62,37.79,38.01,-0.22,-0.5788,235027.61,889443.213
2019-12-26,600036.SH,37.78,38.1,37.69,38.1,37.79,0.31,0.8203,192239.76,728012.313
2019-12-27,600036.SH,38.1,38.5,37.8,37.86,38.1,-0.24,-0.6299,359535.34,1370335.108
2019-12-30,600036.SH,37.6,37.92,37.11,37.83,37.86,-0.03,-0.0792,444962.89,1670186.942
2019-12-31,600036.SH,37.85,37.88,37.31,37.58,37.83,-0.25,-0.6609,376805.06,1412996.239
2020-01-02,600036.SH,38.03,39.12,38.02,38.88,37.58,1.3,3.4593,826244.52,3191180.65
2020-01-03,600036.SH,38.95,39.62,38.92,39.4,38.88,0.52,1.3374,520106.11,2045230.273
2020-01-06,600036.SH,39.19,40.16,38.9,39.24,39.4,-0.16,-0.4061,548877.2,2171575.505
2020-01-07,600036.SH,39.55,39.94,39.1,39.15,39.24,-0.09,-0.2294,347671.28,1369304.771
2020-01-08,600036.SH,38.95,38.95,38.41,38.41,39.15,-0.74,-1.8902,363234.18,1403861.101
2020-01-09,600036.SH,38.84,39.0,38.58,38.9,38.41,0.49,1.2757,303359.89,1177003.661
2020-01-10,600036.SH,38.9,39.28,38.75,39.04,38.9,0.14,0.3599,285931.21,1116903.172
2020-01-13,600036.SH,39.28,39.28,38.75,39.1,39.04,0.06,0.1537,327808.52,1279073.028
2020-01-14,600036.SH,39.14,39.63,38.7,38.81,39.1,-0.29,-0.7417,335646.38,1314430.602
2020-01-15,600036.SH,38.84,38.89,38.02,38.12,38.81,-0.69,-1.7779,488598.91,1870048.774
2020-01-16,600036.SH,38.22,38.35,37.76,37.96,38.12,-0.16,-0.4197,453848.26,1723277.982
2020-01-17,600036.SH,38.06,38.17,37.68,37.93,37.96,-0.03,-0.079,421357.11,1595789.849
2020-01-20,600036.SH,38.22,38.65,38.0,38.31,37.93,0.38,1.0018,585808.86,2244268.938
2020-01-21,600036.SH,37.95,38.15,37.7,37.79,38.31,-0.52,-1.3573,417201.85,1580332.561
2020-01-22,600036.SH,37.7,38.1,37.15,37.82,37.79,0.03,0.0794,531254.6,2000618.547
2020-01-23,600036.SH,37.53,37.7,36.45,36.81,37.82,-1.01,-2.6705,787502.74,2912304.571
2020-02-03,600036.SH,33.8,35.5,33.8,35.03,36.81,-1.78,-4.8356,1131062.26,3944795.003
2020-02-04,600036.SH,35.04,35.48,34.68,35.35,35.03,0.32,0.9135,1229676.52,4313054.347
2020-02-05,600036.SH,35.34,35.51,34.83,35.36,35.35,0.01,0.0283,802571.98,2826862.599
2020-02-06,600036.SH,35.5,35.83,35.13,35.75,35.36,0.39,1.1029,730701.59,2589474.707
2020-02-07,600036.SH,35.1,35.46,35.01,35.42,35.75,-0.33,-0.9231,675524.64,2374190.018
2020-02-10,600036.SH,35.13,35.24,34.95,35.1,35.42,-0.32,-0.9034,575041.78,2016401.93
2020-02-11,600036.SH,35.3,35.85,35.15,35.57,35.1,0.47,1.339,557436.28,1983770.029
2020-02-12,600036.SH,35.5,35.66,35.24,35.6,35.57,0.03,0.0843,405389.73,1437177.997
2020-02-13,600036.SH,35.53,35.55,35.2,35.27,35.6,-0.33,-0.927,422350.8,1493775.789
2020-02-14,600036.SH,35.21,35.71,35.21,35.64,35.27,0.37,1.0491,403396.77,1431806.484
2020-02-17,600036.SH,35.63,36.17,35.38,36.17,35.64,0.53,1.4871,669425.41,2396661.832
2020-02-18,600036.SH,36.0,36.0,35.6,35.7,36.17,-0.47,-1.2994,516396.65,1846260.235
2020-02-19,600036.SH,35.6,35.89,35.46,35.53,35.7,-0.17,-0.4762,419521.31,1496142.157
2020-02-20,600036.SH,35.66,36.05,35.2,35.98,35.53,0.45,1.2665,746005.88,2658121.245
2020-02-21,600036.SH,35.9,35.93,35.47,35.64,35.98,-0.34,-0.945,730314.68,2603112.503
2020-02-24,600036.SH,35.49,35.69,35.03,35.05,35.64,-0.59,-1.6554,798564.82,2812039.823
2020-02-25,600036.SH,34.81,35.08,34.5,34.63,35.05,-0.42,-1.1983,873734.32,3032212.325
2020-02-26,600036.SH,34.41,34.99,34.25,34.83,34.63,0.2,0.5775,779704.75,2707591.83
2020-02-27,600036.SH,34.79,35.35,34.7,35.22,34.83,0.39,1.1197,689378.53,2422074.087
2020-02-28,600036.SH,34.85,35.18,34.2,34.2,35.22,-1.02,-2.8961,835340.97,2885398.352
2020-03-02,600036.SH,34.24,34.88,34.1,34.75,34.2,0.55,1.6082,704290.63,2438029.173
2020-03-03,600036.SH,34.93,35.1,34.42,34.62,34.75,-0.13,-0.3741,686073.06,2380418.31
2020-03-04,600036.SH,34.68,34.8,34.44,34.78,34.62,0.16,0.4622,560886.06,1941800.19
2020-03-05,600036.SH,34.99,36.32,34.8,36.23,34.78,1.45,4.1691,1355413.0,4840609.026
2020-03-06,600036.SH,35.84,36.02,35.41,35.41,36.23,-0.82,-2.2633,670673.78,2389764.957
2020-03-09,600036.SH,34.88,34.88,34.18,34.18,35.41,-1.23,-3.4736,966591.66,3318066.994
2020-03-10,600036.SH,34.19,34.94,34.08,34.68,34.18,0.5,1.4628,668298.1,2309858.482
2020-03-11,600036.SH,34.76,34.99,34.41,34.45,34.68,-0.23,-0.6632,566550.64,1965764.178
2020-03-12,600036.SH,34.37,34.59,34.02,34.16,34.45,-0.29,-0.8418,619180.02,2118258.08
2020-03-13,600036.SH,32.8,33.56,32.4,33.41,34.16,-0.75,-2.1956,1140957.7,3748370.246
2020-03-16,600036.SH,33.39,33.39,31.64,31.67,33.41,-1.74,-5.208,1066027.3,3445337.101
2020-03-17,600036.SH,31.65,32.61,31.11,31.73,31.67,0.06,0.1895,843441.33,2675433.577
2020-03-18,600036.SH,31.88,32.28,30.76,30.82,31.73,-0.91,-2.8679,824317.04,2604923.481
2020-03-19,600036.SH,30.48,30.48,28.71,29.31,30.82,-1.51,-4.8994,1559457.47,4591894.342
2020-03-20,600036.SH,29.8,31.11,29.8,31.04,29.31,1.73,5.9024,1343153.1,4101898.423
2020-03-23,600036.SH,30.01,30.51,29.88,30.16,31.04,-0.88,-2.8351,928971.16,2804113.446
2020-03-24,600036.SH,31.15,31.65,30.81,31.51,30.16,1.35,4.4761,825358.93,2585549.433
2020-03-25,600036.SH,32.23,32.68,32.17,32.49,31.51,0.98,3.1101,809526.55,2629580.314
2020-03-26,600036.SH,32.1,33.42,32.06,32.72,32.49,0.23,0.7079,694635.85,2281461.462
2020-03-27,600036.SH,33.12,33.33,32.48,32.72,32.72,0.0,0.0,581775.45,1911127.945
2020-03-30,600036.SH,32.18,32.72,31.8,32.65,32.72,-0.07,-0.2139,477494.15,1541068.106
2020-03-31,600036.SH,32.92,32.98,32.16,32.28,32.65,-0.37,-1.1332,377540.06,1228383.288
2020-04-01,600036.SH,32.12,32.65,32.0,32.13,32.28,-0.15,-0.4647,358143.13,1157345.796
2020-04-02,600036.SH,31.75,32.34,31.71,32.34,32.13,0.21,0.6536,289601.47,929189.673
2020-04-03,600036.SH,32.0,32.32,31.99,32.15,32.34,-0.19,-0.5875,251618.29,808697.603
2020-04-07,600036.SH,32.84,32.88,32.4,32.52,32.15,0.37,1.1509,431843.78,1406732.994
2020-04-08,600036.SH,32.5,32.5,32.12,32.22,32.52,-0.3,-0.9225,318134.45,1024956.344
2020-04-09,600036.SH,32.29,32.35,32.11,32.3,32.22,0.08,0.2483,286645.95,924260.48
2020-04-10,600036.SH,32.41,32.56,31.91,32.1,32.3,-0.2,-0.6192,437431.53,1409435.238
2020-04-13,600036.SH,31.92,32.2,31.82,31.93,32.1,-0.17,-0.5296,230555.49,737876.564
2020-04-14,600036.SH,32.18,32.71,32.08,32.71,31.93,0.78,2.4428,427079.44,1386006.869
2020-04-15,600036.SH,32.59,32.63,32.32,32.42,32.71,-0.29,-0.8866,237838.48,771129.191
2020-04-16,600036.SH,32.2,32.41,31.96,32.1,32.42,-0.32,-0.987,294999.82,947452.268
2020-04-17,600036.SH,32.45,33.2,32.34,32.86,32.1,0.76,2.3676,697952.42,2293965.391
2020-04-20,600036.SH,32.89,33.08,32.55,32.9,32.86,0.04,0.1217,336024.26,1104349.255
2020-04-21,600036.SH,32.9,33.04,32.58,32.65,32.9,-0.25,-0.7599,328714.89,1077331.035
2020-04-22,600036.SH,32.45,32.75,32.33,32.73,32.65,0.08,0.245,279435.38,910099.517
2020-04-23,600036.SH,32.82,32.96,32.65,32.69,32.73,-0.04,-0.1222,246145.51,807219.19
2020-04-24,600036.SH,32.72,32.72,32.41,32.51,32.69,-0.18,-0.5506,222597.84,723766.561
2020-04-27,600036.SH,32.75,33.98,32.72,33.58,32.51,1.07,3.2913,653414.71,2197523.211
2020-04-28,600036.SH,33.6,33.9,33.3,33.86,33.58,0.28,0.8338,366510.91,1234430.064
2020-04-29,600036.SH,33.9,35.1,33.89,35.02,33.86,1.16,3.4259,658765.88,2288732.967
2020-04-30,600036.SH,35.15,36.05,35.05,35.09,35.02,0.07,0.1999,715332.47,2544804.889
2020-05-06,600036.SH,34.53,34.78,34.18,34.63,35.09,-0.46,-1.3109,501735.9,1731704.264
2020-05-07,600036.SH,34.6,34.62,34.05,34.45,34.63,-0.18,-0.5198,299484.65,1028793.473
2020-05-08,600036.SH,34.77,35.18,34.55,34.97,34.45,0.52,1.5094,392154.6,1371649.847
2020-05-11,600036.SH,34.98,35.48,34.88,34.96,34.97,-0.01,-0.0286,295848.29,1040649.468
2020-05-12,600036.SH,34.99,35.04,34.44,34.59,34.96,-0.37,-1.0584,349633.82,1213003.373
2020-05-13,600036.SH,34.4,34.68,34.1,34.54,34.59,-0.05,-0.1446,279834.94,961672.947
2020-05-14,600036.SH,34.39,34.42,33.8,33.93,34.54,-0.61,-1.7661,420630.19,1430362.916
2020-05-15,600036.SH,34.19,34.26,33.7,33.85,33.93,-0.08,-0.2358,361927.53,1226127.432
2020-05-18,600036.SH,33.62,34.3,33.51,33.8,33.85,-0.05,-0.1477,363700.93,1233862.748
2020-05-19,600036.SH,34.4,34.48,34.06,34.27,33.8,0.47,1.3905,264304.48,904985.389
2020-05-20,600036.SH,34.27,35.03,34.1,34.68,34.27,0.41,1.1964,380517.57,1313430.55
2020-05-21,600036.SH,34.91,35.18,34.66,34.73,34.68,0.05,0.1442,362527.21,1263004.925
2020-05-22,600036.SH,34.49,34.69,33.61,33.63,34.73,-1.1,-3.1673,423964.39,1439086.679
2020-05-25,600036.SH,33.92,33.94,32.9,33.09,33.63,-0.54,-1.6057,432649.17,1434823.005
2020-05-26,600036.SH,33.3,33.49,33.09,33.43,33.09,0.34,1.0275,322460.77,1072932.146
2020-05-27,600036.SH,33.57,33.98,33.24,33.43,33.43,0.0,0.0,320833.31,1077247.848
2020-05-28,600036.SH,33.58,34.7,33.43,34.22,33.43,0.79,2.3631,693623.31,2378620.601
2020-05-29,600036.SH,33.86,34.13,33.7,33.82,34.22,-0.4,-1.1689,372374.81,1260905.545
2020-06-01,600036.SH,34.15,34.97,34.1,34.82,33.82,1.0,2.9568,488237.46,1693982.687
2020-06-02,600036.SH,34.55,35.26,34.54,35.04,34.82,0.22,0.6318,492957.13,1726597.705
2020-06-03,600036.SH,35.45,36.0,35.02,35.22,35.04,0.18,0.5137,610186.91,2169754.932
2020-06-04,600036.SH,35.5,35.55,35.07,35.15,35.22,-0.07,-0.1988,257560.86,909222.198
2020-06-05,600036.SH,35.3,35.47,34.81,35.24,35.15,0.09,0.256,327173.03,1146499.654
2020-06-08,600036.SH,35.55,36.19,35.5,35.67,35.24,0.43,1.2202,501809.79,1796585.383
2020-06-09,600036.SH,35.61,35.69,35.26,35.53,35.67,-0.14,-0.3925,300930.79,1067277.929
2020-06-10,600036.SH,35.64,35.65,35.18,35.34,35.53,-0.19,-0.5348,272730.61,964770.416
2020-06-11,600036.SH,35.21,35.32,34.31,34.47,35.34,-0.87,-2.4618,588927.45,2040709.558
2020-06-12,600036.SH,33.99,34.5,33.7,34.5,34.47,0.03,0.087,546615.76,1865053.466
2020-06-15,600036.SH,34.04,34.18,33.46,33.57,34.5,-0.93,-2.6957,654343.47,2209023.835
2020-06-16,600036.SH,34.0,34.18,33.81,34.14,33.57,0.57,1.6979,381631.05,1298977.209
2020-06-17,600036.SH,34.0,34.31,33.83,34.2,34.14,0.06,0.1757,306277.74,1042779.922
2020-06-18,600036.SH,33.88,34.06,33.02,33.89,34.2,-0.31,-0.9064,922939.33,3090987.273
2020-06-19,600036.SH,33.8,34.34,33.6,33.86,33.89,-0.03,-0.0885,679496.03,2299545.222
2020-06-22,600036.SH,33.66,33.85,33.33,33.5,33.86,-0.36,-1.0632,595814.69,1997593.331
2020-06-23,600036.SH,33.3,33.54,33.11,33.35,33.5,-0.15,-0.4478,452529.39,1509296.732
2020-06-24,600036.SH,33.52,33.96,33.51,33.9,33.35,0.55,1.6492,479891.17,1621575.075
2020-06-29,600036.SH,34.17,34.3,33.49,33.64,33.9,-0.26,-0.767,567297.48,1915098.031
2020-06-30,600036.SH,33.85,33.96,33.64,33.72,33.64,0.08,0.2378,391567.98,1322157.814
2020-07-01,600036.SH,33.79,34.8,33.61,34.79,33.72,1.07,3.1732,799096.45,2741317.357
2020-07-02,600036.SH,34.65,35.47,34.3,35.3,34.79,0.51,1.4659,1245177.98,4347489.231
2020-07-03,600036.SH,35.4,36.76,35.35,36.74,35.3,1.44,4.0793,1535704.17,5583630.477
2020-07-06,600036.SH,37.18,40.41,37.18,40.41,36.74,3.67,9.9891,1874928.88,7369658.96
2020-07-07,600036.SH,41.8,43.3,40.5,41.06,40.41,0.65,1.6085,2016338.29,8389893.483
2020-07-08,600036.SH,40.9,41.87,39.97,40.5,41.06,-0.56,-1.3639,1827038.89,7454256.185
2020-07-09,600036.SH,40.51,40.62,39.53,39.91,40.5,-0.59,-1.4568,1693236.29,6759559.094
2020-07-10,600036.SH,38.71,39.0,37.05,37.25,38.71,-1.46,-3.7716,1528159.45,5784778.253
2020-07-13,600036.SH,37.01,38.0,36.67,37.3,37.25,0.05,0.1342,1634063.73,6086294.085
2020-07-14,600036.SH,37.07,37.42,36.23,36.51,37.3,-0.79,-2.118,1310865.91,4821059.904
2020-07-15,600036.SH,36.99,37.02,35.7,35.86,36.51,-0.65,-1.7803,1341142.48,4838521.682
2020-07-16,600036.SH,36.05,36.58,35.59,35.6,35.86,-0.26,-0.725,1429523.26,5153628.34
2020-07-17,600036.SH,35.87,36.2,35.31,36.08,35.6,0.48,1.3483,1169917.81,4182751.219
2020-07-20,600036.SH,36.1,37.45,35.85,37.27,36.08,1.19,3.2982,1594157.34,5884589.656
2020-07-21,600036.SH,37.27,37.44,36.52,36.84,37.27,-0.43,-1.1537,831620.93,3062989.303
2020-07-22,600036.SH,36.78,37.1,36.26,36.44,36.84,-0.4,-1.0858,998811.81,3656733.629
2020-07-23,600036.SH,36.18,36.41,35.25,35.6,36.44,-0.84,-2.3052,1197075.88,4272039.761
2020-07-24,600036.SH,35.5,35.8,34.13,34.6,35.6,-1.0,-2.809,1304194.36,4555965.917
2020-07-27,600036.SH,34.94,34.97,34.01,34.25,34.6,-0.35,-1.0116,893469.03,3062209.384
2020-07-28,600036.SH,34.66,34.88,34.21,34.58,34.25,0.33,0.9635,780350.52,2693238.172
2020-07-29,600036.SH,34.5,35.35,34.23,35.07,34.58,0.49,1.417,969130.71,3381773.114
2020-07-30,600036.SH,35.05,35.17,34.48,34.56,35.07,-0.51,-1.4542,798879.27,2776830.172
2020-07-31,600036.SH,34.6,35.35,34.49,34.8,34.56,0.24,0.6944,989894.55,3456763.749
2020-08-03,600036.SH,35.2,35.39,34.78,35.0,34.8,0.2,0.5747,1021858.0,3573570.193
2020-08-04,600036.SH,35.14,37.15,35.0,36.68,35.0,1.68,4.8,2354404.04,8524612.075
2020-08-05,600036.SH,36.4,36.66,35.81,36.3,36.68,-0.38,-1.036,1060659.7,3842397.076
2020-08-06,600036.SH,36.43,37.33,36.34,37.02,36.3,0.72,1.9835,1252428.84,4621511.197
2020-08-07,600036.SH,36.88,36.88,36.2,36.61,37.02,-0.41,-1.1075,897954.14,3286449.488
2020-08-10,600036.SH,36.7,37.41,35.89,37.0,36.61,0.39,1.0653,1224481.39,4519789.796
2020-08-11,600036.SH,37.15,38.8,37.15,37.54,37.0,0.54,1.4595,1736382.83,6622998.622
2020-08-12,600036.SH,37.78,38.26,37.03,37.79,37.54,0.25,0.666,930036.91,3505241.801
2020-08-13,600036.SH,37.85,38.17,37.32,37.33,37.79,-0.46,-1.2173,640486.94,2413002.933
2020-08-14,600036.SH,37.33,38.08,37.26,38.0,37.33,0.67,1.7948,670657.45,2530430.882
2020-08-17,600036.SH,38.06,39.53,38.06,39.05,38.0,1.05,2.7632,1483090.43,5782809.861
2020-08-18,600036.SH,39.0,39.16,38.53,38.85,39.05,-0.2,-0.5122,573660.54,2225879.678
2020-08-19,600036.SH,38.84,39.08,38.35,38.35,38.85,-0.5,-1.287,563936.94,2185921.384
2020-08-20,600036.SH,38.21,38.23,37.13,37.52,38.35,-0.83,-2.1643,734408.19,2759025.986
2020-08-21,600036.SH,38.0,38.01,37.46,37.77,37.52,0.25,0.6663,561254.42,2115951.2
2020-08-24,600036.SH,38.08,38.31,37.37,37.5,37.77,-0.27,-0.7149,620988.93,2346712.057
2020-08-25,600036.SH,37.8,38.2,37.42,37.58,37.5,0.08,0.2133,545246.08,2056714.024
2020-08-26,600036.SH,37.7,37.89,37.01,37.23,37.58,-0.35,-0.9313,627000.22,2344833.013
2020-08-27,600036.SH,37.23,37.29,36.41,36.9,37.23,-0.33,-0.8864,574815.02,2112135.81
2020-08-28,600036.SH,36.85,38.45,36.6,38.45,36.9,1.55,4.2005,1182941.77,4472784.976
2020-08-31,600036.SH,38.5,39.0,37.55,37.69,38.45,-0.76,-1.9766,1190313.65,4573760.872
2020-09-01,600036.SH,37.46,37.7,37.01,37.42,37.69,-0.27,-0.7164,712759.36,2662847.632
2020-09-02,600036.SH,37.49,37.58,36.8,37.2,37.42,-0.22,-0.5879,797221.27,2960833.704
2020-09-03,600036.SH,37.12,37.43,36.76,36.98,37.2,-0.22,-0.5914,640479.56,2369898.817
2020-09-04,600036.SH,36.63,36.89,36.35,36.8,36.98,-0.18,-0.4867,485437.21,1780424.306
2020-09-07,600036.SH,36.8,37.58,36.69,36.79,36.8,-0.01,-0.0272,616138.78,2285992.289
2020-09-08,600036.SH,37.18,37.62,37.02,37.59,36.79,0.8,2.1745,683544.91,2558811.209
2020-09-09,600036.SH,37.27,37.95,37.16,37.6,37.59,0.01,0.0266,605433.34,2276406.652
2020-09-10,600036.SH,37.88,37.91,37.37,37.7,37.6,0.1,0.266,550146.07,2072364.501
2020-09-11,600036.SH,37.87,37.88,37.02,37.24,37.7,-0.46,-1.2202,553105.13,2064258.658
2020-09-14,600036.SH,37.4,37.58,37.07,37.35,37.24,0.11,0.2954,460239.97,1713839.187
2020-09-15,600036.SH,37.26,38.09,37.23,37.9,37.35,0.55,1.4726,530804.95,2003397.793
2020-09-16,600036.SH,37.96,38.3,37.78,38.06,37.9,0.16,0.4222,478874.82,1822671.349
2020-09-17,600036.SH,38.1,38.47,37.85,37.87,38.06,-0.19,-0.4992,557713.54,2127941.227
2020-09-18,600036.SH,37.85,38.99,37.8,38.99,37.87,1.12,2.9575,1081692.4,4177287.388
2020-09-21,600036.SH,39.0,39.13,38.6,38.6,38.99,-0.39,-1.0003,501520.92,1945258.027
2020-09-22,600036.SH,38.5,38.6,37.74,37.88,38.6,-0.72,-1.8653,583116.89,2223417.612
2020-09-23,600036.SH,37.82,38.05,37.4,37.5,37.88,-0.38,-1.0032,430760.28,1621415.675
2020-09-24,600036.SH,37.35,37.35,36.9,37.06,37.5,-0.44,-1.1733,540279.75,2003636.08
2020-09-25,600036.SH,37.1,37.4,37.08,37.18,37.06,0.12,0.3238,352251.53,1312142.06
2020-09-28,600036.SH,37.2,37.65,37.05,37.25,37.18,0.07,0.1883,353244.76,1317478.208
2020-09-29,600036.SH,37.35,37.45,36.27,36.31,37.25,-0.94,-2.5235,796689.1,2920847.323
2020-09-30,600036.SH,36.3,36.57,35.8,36.0,36.31,-0.31,-0.8538,654660.59,2365489.193
2020-10-09,600036.SH,36.4,36.8,36.13,36.18,36.0,0.18,0.5,494724.33,1799276.678
2020-10-12,600036.SH,36.4,37.65,36.3,37.56,36.18,1.38,3.8143,998646.35,3712613.342
2020-10-13,600036.SH,37.48,38.01,37.13,37.79,37.56,0.23,0.6124,511415.6,1928053.924
2020-10-14,600036.SH,37.8,38.1,37.39,38.05,37.79,0.26,0.688,642940.15,2431581.141
2020-10-15,600036.SH,38.14,39.23,38.05,39.01,38.05,0.96,2.523,1196657.2,4656771.635
2020-10-16,600036.SH,38.91,40.2,38.88,39.78,39.01,0.77,1.9739,1105895.8,4401811.725
2020-10-19,600036.SH,40.29,41.55,39.89,39.99,39.78,0.21,0.5279,981546.59,3988837.84
2020-10-20,600036.SH,40.0,40.31,39.7,39.97,39.99,-0.02,-0.05,424368.36,1697045.434
2020-10-21,600036.SH,40.06,40.87,39.99,40.8,39.97,0.83,2.0766,541855.65,2193121.567
2020-10-22,600036.SH,41.0,42.0,40.33,41.19,40.8,0.39,0.9559,644974.99,2649384.824
2020-10-23,600036.SH,40.91,42.1,40.86,41.22,41.19,0.03,0.0728,551833.62,2298420.661
2020-10-26,600036.SH,41.66,41.66,40.08,40.62,41.22,-0.6,-1.4556,504540.0,2050594.686
2020-10-27,600036.SH,40.62,41.25,40.33,40.45,40.62,-0.17,-0.4185,458832.07,1867751.093
2020-10-28,600036.SH,40.63,41.08,39.61,40.1,40.45,-0.35,-0.8653,693557.12,2787606.058
2020-10-29,600036.SH,39.75,40.86,39.67,40.19,40.1,0.09,0.2244,523070.34,2105440.052
2020-10-30,600036.SH,40.5,41.15,39.58,39.81,40.19,-0.38,-0.9455,438422.79,1766506.296
2020-11-02,600036.SH,40.49,40.7,39.18,40.25,39.81,0.44,1.1052,516927.98,2067738.931
2020-11-03,600036.SH,40.7,42.1,40.7,41.24,40.25,0.99,2.4596,870690.16,3626910.913
2020-11-04,600036.SH,42.12,43.09,41.38,42.93,41.24,1.69,4.098,884500.85,3754732.975
2020-11-05,600036.SH,43.1,43.71,42.38,42.79,42.93,-0.14,-0.3261,680486.85,2918967.528
2020-11-06,600036.SH,42.8,42.85,42.09,42.48,42.79,-0.31,-0.7245,463645.47,1969073.126
2020-11-09,600036.SH,42.99,43.47,42.6,43.03,42.48,0.55,1.2947,497141.62,2138628.747
2020-11-10,600036.SH,43.77,44.38,43.4,43.72,43.03,0.69,1.6035,562079.25,2461059.112
2020-11-11,600036.SH,44.0,44.35,43.51,44.35,43.72,0.63,1.441,526969.72,2322161.018
2020-11-12,600036.SH,44.0,44.44,43.35,43.58,44.35,-0.77,-1.7362,471594.35,2059661.759
2020-11-13,600036.SH,43.2,43.2,41.81,42.58,43.58,-1.0,-2.2946,544862.9,2309702.717
2020-11-16,600036.SH,42.95,43.1,42.65,43.0,42.58,0.42,0.9864,389431.99,1669941.865
2020-11-17,600036.SH,43.0,44.0,42.8,43.84,43.0,0.84,1.9535,472856.2,2065231.454
2020-11-18,600036.SH,43.6,45.0,43.41,44.75,43.84,0.91,2.0757,628202.15,2797752.552
2020-11-19,600036.SH,44.53,45.0,43.99,44.87,44.75,0.12,0.2682,477341.74,2128954.044
2020-11-20,600036.SH,44.76,45.3,44.51,45.05,44.87,0.18,0.4012,314687.57,1414292.248
2020-11-23,600036.SH,45.05,45.58,44.82,45.4,45.05,0.35,0.7769,584621.13,2647101.184
2020-11-24,600036.SH,45.0,45.3,44.53,44.87,45.4,-0.53,-1.1674,399467.34,1793220.437
2020-11-25,600036.SH,45.52,45.57,44.17,44.43,44.87,-0.44,-0.9806,378072.49,1694470.963
2020-11-26,600036.SH,44.47,45.38,44.47,45.09,44.43,0.66,1.4855,351534.29,1584282.516
2020-11-27,600036.SH,45.4,45.97,44.7,45.85,45.09,0.76,1.6855,446077.7,2024963.455
2020-11-30,600036.SH,45.85,47.77,44.03,44.2,45.85,-1.65,-3.5987,1153601.81,5291989.606
2020-12-01,600036.SH,44.4,46.55,44.39,46.2,44.2,2.0,4.5249,780727.87,3559778.622
2020-12-02,600036.SH,46.0,47.03,45.26,46.8,46.2,0.6,1.2987,619943.58,2864114.257
2020-12-03,600036.SH,46.75,47.1,45.5,46.49,46.8,-0.31,-0.6624,502375.89,2317794.756
2020-12-04,600036.SH,46.47,46.6,45.11,45.78,46.49,-0.71,-1.5272,461155.43,2099378.091
2020-12-07,600036.SH,45.7,45.75,44.1,44.42,45.78,-1.36,-2.9707,704825.24,3138039.091
2020-12-08,600036.SH,44.39,44.76,44.0,44.26,44.42,-0.16,-0.3602,377167.35,1671238.316
2020-12-09,600036.SH,44.37,44.93,44.22,44.24,44.26,-0.02,-0.0452,375194.56,1672113.664
2020-12-10,600036.SH,44.04,44.63,43.8,44.28,44.24,0.04,0.0904,368873.55,1630166.599
2020-12-11,600036.SH,44.25,44.27,42.68,42.68,44.28,-1.6,-3.6134,771435.25,3347336.214
2020-12-14,600036.SH,43.32,44.66,43.32,44.37,42.68,1.69,3.9597,607427.01,2686115.499
2020-12-15,600036.SH,44.45,44.94,43.44,44.35,44.37,-0.02,-0.0451,438792.26,1936658.509
2020-12-16,600036.SH,44.79,44.85,43.88,44.06,44.35,-0.29,-0.6539,367902.0,1628021.247
2020-12-17,600036.SH,43.9,44.17,43.35,44.05,44.06,-0.01,-0.0227,502329.03,2199570.321
2020-12-18,600036.SH,44.09,44.39,42.8,43.1,44.05,-0.95,-2.1566,760599.93,3296589.099
2020-12-21,600036.SH,43.04,43.15,42.31,42.89,43.1,-0.21,-0.4872,623850.9,2674269.716
2020-12-22,600036.SH,42.99,43.0,41.87,41.91,42.89,-0.98,-2.2849,784686.07,3320101.849
2020-12-23,600036.SH,41.71,42.41,41.71,42.32,41.91,0.41,0.9783,711819.93,3004166.815
2020-12-24,600036.SH,42.35,43.1,42.32,42.57,42.32,0.25,0.5907,482110.14,2055723.701
2020-12-25,600036.SH,42.55,42.9,41.98,42.72,42.57,0.15,0.3524,476731.97,2023487.304
2020-12-28,600036.SH,42.75,43.32,42.23,43.04,42.72,0.32,0.7491,841409.01,3600599.046
2020-12-29,600036.SH,43.26,43.29,42.65,42.83,43.04,-0.21,-0.4879,727147.56,3118082.06
2020-12-30,600036.SH,42.87,43.05,41.9,43.05,42.83,0.22,0.5137,933496.43,3963394.42
2020-12-31,600036.SH,43.05,44.35,42.85,43.95,43.05,0.9,2.0906,891199.21,3909432.878
2021-01-04,600036.SH,43.23,43.78,42.02,43.17,43.95,-0.78,-1.7747,1549522.85,6608868.849
2021-01-05,600036.SH,42.76,42.8,41.44,42.18,43.17,-0.99,-2.2933,1387176.99,5809639.049
2021-01-06,600036.SH,42.1,44.2,42.0,44.15,42.18,1.97,4.6705,1200645.63,5188622.737
2021-01-07,600036.SH,44.29,45.97,44.26,45.9,44.15,1.75,3.9638,1078321.87,4869741.128
2021-01-08,600036.SH,46.29,47.02,45.81,46.6,45.9,0.7,1.5251,1299594.81,6021482.985
2021-01-11,600036.SH,46.58,49.17,46.49,48.42,46.6,1.82,3.9056,1445233.56,6992740.146
2021-01-12,600036.SH,48.55,50.05,47.56,49.7,48.42,1.28,2.6435,1044485.91,5103986.009
2021-01-13,600036.SH,49.31,49.98,48.88,49.4,49.7,-0.3,-0.6036,649109.79,3207741.653
2021-01-14,600036.SH,49.4,50.08,48.56,49.05,49.4,-0.35,-0.7085,703770.99,3467710.708
2021-01-15,600036.SH,50.5,53.89,50.48,51.14,49.05,2.09,4.261,1775745.22,9232542.839
2021-01-18,600036.SH,51.5,53.08,51.2,51.92,51.14,0.78,1.5252,1237641.6,6463924.98
2021-01-19,600036.SH,52.3,53.23,51.49,51.85,51.92,-0.07,-0.1348,901880.02,4710719.576
2021-01-20,600036.SH,52.1,53.12,50.99,51.72,51.85,-0.13,-0.2507,792281.18,4123860.428
2021-01-21,600036.SH,52.97,53.5,52.15,52.64,51.72,0.92,1.7788,736714.59,3886756.922
2021-01-22,600036.SH,52.85,52.85,51.0,51.64,52.64,-1.0,-1.8997,870001.32,4492606.303
2021-01-25,600036.SH,51.1,52.46,50.1,52.11,51.64,0.47,0.9101,865362.06,4438842.57
2021-01-26,600036.SH,52.0,53.1,51.0,51.4,52.11,-0.71,-1.3625,601175.33,3126374.838
2021-01-27,600036.SH,51.61,52.9,51.61,52.0,51.4,0.6,1.1673,609231.56,3187049.336
2021-01-28,600036.SH,51.0,51.75,50.8,51.61,52.0,-0.39,-0.75,523869.51,2684963.891
2021-01-29,600036.SH,52.18,52.46,50.81,51.1,51.61,-0.51,-0.9882,621489.14,3211002.062
2021-02-01,600036.SH,51.0,52.78,50.48,52.4,51.1,1.3,2.544,796625.87,4125446.256
2021-02-02,600036.SH,52.35,52.8,51.6,51.97,52.4,-0.43,-0.8206,720305.53,3752480.883
2021-02-03,600036.SH,52.07,54.0,51.49,53.05,51.97,1.08,2.0781,765876.06,4045314.776
2021-02-04,600036.SH,52.87,55.2,52.61,53.5,53.05,0.45,0.8483,969109.77,5229905.917
2021-02-05,600036.SH,54.06,55.94,53.7,54.74,53.5,1.24,2.3178,1151577.54,6315430.525
2021-02-08,600036.SH,55.19,55.6,53.69,55.26,54.74,0.52,0.9499,816377.76,4479792.762
2021-02-09,600036.SH,55.38,55.38,54.25,55.26,55.26,0.0,0.0,619005.27,3393598.043
2021-02-10,600036.SH,56.3,56.4,53.95,54.55,55.26,-0.71,-1.2848,753507.67,4135201.064
2021-02-18,600036.SH,55.65,57.6,55.19,55.69,54.55,1.14,2.0898,1070913.22,6013345.25
2021-02-19,600036.SH,55.65,56.71,54.88,55.2,55.69,-0.49,-0.8799,710181.64,3948306.737
2021-02-22,600036.SH,55.27,55.74,53.36,54.2,55.2,-1.0,-1.8116,801511.45,4368565.094
2021-02-23,600036.SH,54.29,56.73,54.2,55.55,54.2,1.35,2.4908,952991.02,5306140.313
2021-02-24,600036.SH,55.85,55.85,52.85,53.6,55.55,-1.95,-3.5104,844322.26,4578242.27
2021-02-25,600036.SH,54.5,55.5,53.91,54.45,53.6,0.85,1.5858,886187.27,4843039.32
2021-02-26,600036.SH,53.6,54.45,50.86,51.1,54.45,-3.35,-6.1524,1327288.76,6911104.094
2021-03-01,600036.SH,51.11,51.3,50.03,50.39,51.1,-0.71,-1.3894,894183.63,4510517.394
2021-03-02,600036.SH,50.86,50.9,49.01,49.55,50.39,-0.84,-1.667,1007786.21,5025206.694
2021-03-03,600036.SH,50.0,52.98,49.6,52.77,49.55,3.22,6.4985,1315933.15,6834019.524
2021-03-04,600036.SH,52.19,53.88,52.0,52.4,52.77,-0.37,-0.7012,833039.04,4396029.829
2021-03-05,600036.SH,51.9,52.39,50.11,51.4,52.4,-1.0,-1.9084,735195.85,3762062.419
2021-03-08,600036.SH,51.59,51.98,49.7,49.93,51.4,-1.47,-2.8599,698137.59,3534603.526
2021-03-09,600036.SH,50.02,50.98,48.18,48.5,49.93,-1.43,-2.864,983222.45,4876616.396
2021-03-10,600036.SH,49.01,50.0,48.55,49.25,48.5,0.75,1.5464,675909.93,3327792.628
2021-03-11,600036.SH,50.0,52.25,50.0,51.97,49.25,2.72,5.5228,904210.33,4672612.626
2021-03-12,600036.SH,52.35,53.39,52.13,53.32,51.97,1.35,2.5977,855807.53,4537887.852
2021-03-15,600036.SH,52.98,54.79,52.64,53.11,53.32,-0.21,-0.3938,939319.16,5037471.575
2021-03-16,600036.SH,53.9,55.25,53.5,54.32,53.11,1.21,2.2783,697162.76,3799354.094
2021-03-17,600036.SH,53.95,54.32,53.3,53.4,54.32,-0.92,-1.6937,532314.61,2856041.089
2021-03-18,600036.SH,53.3,54.3,52.9,54.24,53.4,0.84,1.573,482793.11,2590798.83
2021-03-19,600036.SH,54.02,54.46,51.54,51.76,54.24,-2.48,-4.5723,776283.61,4073645.28
2021-03-22,600036.SH,52.2,54.72,52.1,53.78,51.76,2.02,3.9026,791695.31,4252611.119
2021-03-23,600036.SH,53.89,54.45,52.82,53.48,53.78,-0.3,-0.5578,595922.61,3187582.328
2021-03-24,600036.SH,53.96,54.0,51.62,52.2,53.48,-1.28,-2.3934,575013.14,3013081.502
2021-03-25,600036.SH,52.66,52.89,50.56,51.01,52.2,-1.19,-2.2797,784538.3,4014068.059
2021-03-26,600036.SH,51.45,51.82,50.73,51.6,51.01,0.59,1.1566,709475.25,3643743.955
2021-03-29,600036.SH,51.7,51.8,50.55,50.94,51.6,-0.66,-1.2791,779803.62,3969007.334
2021-03-30,600036.SH,51.1,51.56,50.43,51.56,50.94,0.62,1.2171,569402.02,2902290.112
2021-03-31,600036.SH,51.5,51.5,50.14,51.1,51.56,-0.46,-0.8922,521649.54,2652348.781
2021-04-01,600036.SH,51.09,51.28,50.7,51.05,51.1,-0.05,-0.0978,337194.69,1718217.148
2021-04-02,600036.SH,51.18,51.25,50.65,50.95,51.05,-0.1,-0.1959,411534.22,2093013.199
2021-04-06,600036.SH,51.1,51.83,50.8,50.99,50.95,0.04,0.0785,444002.01,2275875.718
2021-04-07,600036.SH,51.15,51.15,50.02,50.43,50.99,-0.56,-1.0983,500610.23,2520490.066
2021-04-08,600036.SH,50.2,50.63,50.05,50.5,50.43,0.07,0.1388,295010.67,1486758.655
2021-04-09,600036.SH,50.72,50.72,49.86,50.25,50.5,-0.25,-0.495,315068.34,1578603.909
2021-04-12,600036.SH,50.29,50.65,49.69,50.46,50.25,0.21,0.4179,414742.39,2082171.992
2021-04-13,600036.SH,50.5,51.2,49.94,50.32,50.46,-0.14,-0.2774,490398.95,2476556.21
2021-04-14,600036.SH,50.58,50.6,49.28,49.7,50.32,-0.62,-1.2321,554383.53,2758186.625
2021-04-15,600036.SH,49.72,49.98,48.28,49.44,49.7,-0.26,-0.5231,572965.14,2810517.787
2021-04-16,600036.SH,49.72,49.85,49.09,49.74,49.44,0.3,0.6068,315583.44,1563464.005
2021-04-19,600036.SH,49.9,51.78,49.5,51.77,49.74,2.03,4.0812,679320.61,3476651.827
2021-04-20,600036.SH,51.01,52.19,51.01,51.99,51.77,0.22,0.425,355744.07,1842179.46
2021-04-21,600036.SH,52.06,53.19,52.03,52.89,51.99,0.9,1.7311,524463.6,2758929.437
2021-04-22,600036.SH,52.89,53.3,52.17,52.61,52.89,-0.28,-0.5294,429270.78,2255144.62
2021-04-23,600036.SH,52.7,53.5,52.31,53.3,52.61,0.69,1.3115,471049.18,2495321.515
2021-04-26,600036.SH,54.0,54.5,51.7,52.07,53.3,-1.23,-2.3077,916257.41,4814829.661
2021-04-27,600036.SH,51.95,52.43,51.58,52.07,52.07,0.0,0.0,363299.22,1890139.553
2021-04-28,600036.SH,52.2,52.38,51.48,51.76,52.07,-0.31,-0.5954,389855.43,2019590.447
2021-04-29,600036.SH,52.0,53.35,51.29,53.28,51.76,1.52,2.9366,552745.44,2913105.773
2021-04-30,600036.SH,52.8,53.18,51.81,52.7,53.28,-0.58,-1.0886,450688.41,2370742.204
2021-05-06,600036.SH,52.7,54.38,52.48,53.67,52.7,0.97,1.8406,638352.9,3432136.281
2021-05-07,600036.SH,53.88,55.2,53.31,54.18,53.67,0.51,0.9503,723683.76,3943891.332
2021-05-10,600036.SH,54.2,54.25,53.01,53.9,54.18,-0.28,-0.5168,492240.48,2630309.849
2021-05-11,600036.SH,53.45,54.15,53.28,53.84,53.9,-0.06,-0.1113,328533.12,1767435.334
2021-05-12,600036.SH,53.85,54.65,53.07,53.69,53.84,-0.15,-0.2786,317496.77,1708649.722
2021-05-13,600036.SH,53.49,54.45,52.84,53.2,53.69,-0.49,-0.9126,391205.53,2085332.075
2021-05-14,600036.SH,53.49,55.0,52.8,54.98,53.2,1.78,3.3459,578814.21,3127193.937
2021-05-17,600036.SH,55.0,56.49,54.65,55.65,54.98,0.67,1.2186,526684.25,2933378.115
2021-05-18,600036.SH,55.98,56.39,55.7,55.95,55.65,0.3,0.5391,293351.18,1642178.93
2021-05-19,600036.SH,56.0,56.08,54.51,54.8,55.95,-1.15,-2.0554,357293.44,1966656.369
2021-05-20,600036.SH,55.1,55.52,54.32,55.47,54.8,0.67,1.2226,342104.77,1881019.546
2021-05-21,600036.SH,55.87,55.9,53.8,54.11,55.47,-1.36,-2.4518,514864.55,2800730.344
2021-05-24,600036.SH,54.2,54.7,53.77,54.08,54.11,-0.03,-0.0554,445399.14,2409885.276
2021-05-25,600036.SH,54.19,57.62,53.93,57.55,54.08,3.47,6.4164,968502.04,5452025.418
2021-05-26,600036.SH,57.65,58.56,57.61,58.5,57.55,0.95,1.6507,613061.69,3565788.679
2021-05-27,600036.SH,58.0,58.78,56.81,57.95,58.5,-0.55,-0.9402,519037.39,2995138.182
2021-05-28,600036.SH,58.0,58.85,57.61,58.5,57.95,0.55,0.9491,410140.56,2386900.498
2021-05-31,600036.SH,58.21,58.36,57.0,58.19,58.5,-0.31,-0.5299,361656.71,2089054.162
2021-06-01,600036.SH,57.7,57.76,56.9,57.36,58.19,-0.83,-1.4264,474268.44,2713828.451
2021-06-02,600036.SH,57.25,57.69,56.88,57.58,57.36,0.22,0.3835,405820.27,2323829.263
2021-06-03,600036.SH,57.5,58.33,56.19,56.28,57.58,-1.3,-2.2577,490672.57,2798317.525
2021-06-04,600036.SH,56.05,58.92,56.02,57.53,56.28,1.25,2.221,608329.07,3504830.228
2021-06-07,600036.SH,57.21,57.25,56.5,57.0,57.53,-0.53,-0.9213,324897.42,1847968.869
2021-06-08,600036.SH,56.95,57.94,56.01,56.7,57.0,-0.3,-0.5263,476166.23,2700887.195
2021-06-09,600036.SH,56.7,57.36,56.28,56.47,56.7,-0.23,-0.4056,391409.5,2220254.281
2021-06-10,600036.SH,56.49,57.46,56.26,56.35,56.47,-0.12,-0.2125,481135.26,2730021.836
2021-06-11,600036.SH,56.41,56.75,55.08,56.33,56.35,-0.02,-0.0355,682089.0,3798816.012
2021-06-15,600036.SH,55.83,55.83,54.12,54.8,56.33,-1.53,-2.7161,529240.52,2899483.734
2021-06-16,600036.SH,54.8,56.36,54.5,55.6,54.8,0.8,1.4599,518772.28,2879681.826
2021-06-17,600036.SH,55.52,56.0,54.86,55.12,55.6,-0.48,-0.8633,319019.34,1765863.526
2021-06-18,600036.SH,54.75,55.7,54.07,54.69,55.12,-0.43,-0.7801,427116.81,2337303.193
2021-06-21,600036.SH,54.3,54.79,53.12,53.69,54.69,-1.0,-1.8285,579715.5,3119639.562
2021-06-22,600036.SH,53.86,55.58,53.86,55.46,53.69,1.77,3.2967,643592.18,3544466.664
2021-06-23,600036.SH,55.38,55.47,54.48,54.82,55.46,-0.64,-1.154,408719.65,2243392.897
2021-06-24,600036.SH,54.82,55.1,54.13,55.0,54.82,0.18,0.3283,363603.89,1988184.927
2021-06-25,600036.SH,55.0,56.55,54.78,56.4,55.0,1.4,2.5455,469559.64,2631903.465
2021-06-28,600036.SH,56.2,56.29,54.03,54.7,56.4,-1.7,-3.0142,698824.74,3825857.05
2021-06-29,600036.SH,54.2,54.85,53.7,53.8,54.7,-0.9,-1.6453,532449.31,2878196.932
2021-06-30,600036.SH,53.9,54.44,53.86,54.19,53.8,0.39,0.7249,357303.5,1935227.659
2021-07-01,600036.SH,54.21,56.0,53.8,56.0,54.19,1.81,3.3401,652987.35,3585284.669
2021-07-02,600036.SH,55.0,55.2,52.7,53.05,56.0,-2.95,-5.2679,929818.51,4969147.605
2021-07-05,600036.SH,52.94,53.09,51.5,52.94,53.05,-0.11,-0.2074,568609.27,2979267.518
2021-07-06,600036.SH,53.0,53.54,52.41,53.54,52.94,0.6,1.1334,452507.13,2401387.63
2021-07-07,600036.SH,53.3,53.91,53.01,53.43,53.54,-0.11,-0.2055,365978.33,1956147.233
2021-07-08,600036.SH,53.76,53.76,50.0,50.35,53.43,-3.08,-5.7646,1554188.68,7890344.986
2021-07-09,600036.SH,50.35,50.91,49.51,49.9,50.35,-0.45,-0.8937,827018.78,4141886.765
2021-07-12,600036.SH,50.6,51.14,49.8,50.4,49.9,0.5,1.002,839563.74,4227182.16
2021-07-13,600036.SH,49.5,50.8,48.71,49.97,49.15,0.82,1.6684,594450.17,2969602.398
2021-07-14,600036.SH,49.8,49.88,47.92,48.95,49.97,-1.02,-2.0412,885514.24,4295785.383
2021-07-15,600036.SH,49.0,51.46,48.97,51.05,48.95,2.1,4.2901,877272.98,4426680.806
2021-07-16,600036.SH,50.76,51.6,50.42,51.0,51.05,-0.05,-0.0979,462103.77,2357681.005
2021-07-19,600036.SH,51.0,51.2,49.41,50.83,51.0,-0.17,-0.3333,469630.76,2357941.868
2021-07-20,600036.SH,50.45,51.49,49.61,49.91,50.83,-0.92,-1.81,446889.3,2245908.475
2021-07-21,600036.SH,50.02,50.57,49.25,49.7,49.91,-0.21,-0.4208,506319.17,2512788.212
2021-07-22,600036.SH,49.69,51.1,49.38,50.25,49.7,0.55,1.1066,592355.89,2987211.474
2021-07-23,600036.SH,50.33,50.65,49.5,50.05,50.25,-0.2,-0.398,420352.8,2101810.738
2021-07-26,600036.SH,49.62,49.65,47.55,47.7,50.05,-2.35,-4.6953,749929.71,3616845.775
2021-07-27,600036.SH,47.65,47.93,45.8,46.17,47.7,-1.53,-3.2075,749495.18,3512047.045
2021-07-28,600036.SH,46.31,48.34,46.31,47.47,46.17,1.3,2.8157,847309.81,4027574.991
2021-07-29,600036.SH,48.2,48.3,47.5,47.95,47.47,0.48,1.0112,642745.21,3083677.744
2021-07-30,600036.SH,47.75,47.8,46.11,46.5,47.95,-1.45,-3.024,591958.97,2760620.844
2021-08-02,600036.SH,46.8,48.22,45.21,47.71,46.5,1.21,2.6022,836146.84,3925085.945
2021-08-03,600036.SH,47.6,48.1,46.95,47.59,47.71,-0.12,-0.2515,518758.28,2456399.176
2021-08-04,600036.SH,47.58,47.95,46.8,47.0,47.59,-0.59,-1.2398,511499.88,2410938.956
2021-08-05,600036.SH,46.68,47.3,46.09,46.75,47.0,-0.25,-0.5319,442303.11,2070051.63
2021-08-06,600036.SH,46.47,47.8,46.1,47.59,46.75,0.84,1.7968,507557.57,2392067.817
2021-08-09,600036.SH,47.58,50.0,47.58,49.06,47.59,1.47,3.0889,730430.2,3599567.2
2021-08-10,600036.SH,49.08,50.53,48.56,50.21,49.06,1.15,2.3441,663575.48,3291349.066
2021-08-11,600036.SH,50.21,51.77,50.0,50.9,50.21,0.69,1.3742,568554.59,2905233.228
2021-08-12,600036.SH,50.7,51.5,50.41,50.68,50.9,-0.22,-0.4322,397182.45,2021030.379
2021-08-13,600036.SH,50.71,51.35,50.31,51.18,50.68,0.5,0.9866,467404.7,2379825.404
2021-08-16,600036.SH,51.2,51.24,49.5,50.87,51.18,-0.31,-0.6057,744139.69,3770118.258
2021-08-17,600036.SH,50.87,51.4,49.52,49.62,50.87,-1.25,-2.4572,603231.96,3044300.923
2021-08-18,600036.SH,49.99,53.57,49.92,53.14,49.62,3.52,7.0939,1231242.36,6434458.385
2021-08-19,600036.SH,52.8,53.1,51.36,51.58,53.14,-1.56,-2.9356,676300.59,3515991.219
2021-08-20,600036.SH,51.74,52.57,49.9,51.03,51.58,-0.55,-1.0663,693764.73,3537372.069
2021-08-23,600036.SH,51.48,52.87,51.21,51.89,51.03,0.86,1.6853,539017.21,2806624.18
2021-08-24,600036.SH,52.02,52.85,51.01,52.2,51.89,0.31,0.5974,528276.9,2748379.141
2021-08-25,600036.SH,52.58,52.71,51.21,51.43,52.2,-0.77,-1.4751,407380.77,2107816.696
2021-08-26,600036.SH,51.93,51.93,49.48,49.6,51.43,-1.83,-3.5582,763035.07,3825334.082
2021-08-27,600036.SH,49.7,50.82,49.5,50.35,49.6,0.75,1.5121,386141.76,1942863.649
2021-08-30,600036.SH,50.35,50.35,47.61,48.45,50.35,-1.9,-3.7736,1079682.02,5224229.635
2021-08-31,600036.SH,48.45,49.45,47.85,48.96,48.45,0.51,1.0526,710440.24,3451030.103
2021-09-01,600036.SH,48.88,50.95,48.6,50.79,48.96,1.83,3.7377,826055.36,4129767.782
2021-09-02,600036.SH,50.69,51.88,50.3,51.6,50.79,0.81,1.5948,726200.98,3729206.237
2021-09-03,600036.SH,51.7,52.33,50.41,52.0,51.6,0.4,0.7752,642573.32,3321589.086
2021-09-06,600036.SH,51.51,52.75,51.18,51.2,52.0,-0.8,-1.5385,547428.47,2830673.161
2021-09-07,600036.SH,51.29,53.08,50.45,52.81,51.2,1.61,3.1445,772320.09,4026086.396
2021-09-08,600036.SH,52.72,53.55,52.26,52.41,52.81,-0.4,-0.7574,553906.68,2921088.035
2021-09-09,600036.SH,52.1,52.68,51.68,52.1,52.41,-0.31,-0.5915,357800.25,1863278.532
2021-09-10,600036.SH,52.0,54.52,51.75,54.12,52.1,2.02,3.8772,1070977.99,5766878.119
2021-09-13,600036.SH,53.67,54.5,53.5,53.92,54.12,-0.2,-0.3695,592830.43,3202583.507
2021-09-14,600036.SH,54.3,54.89,51.8,52.1,53.92,-1.82,-3.3754,631165.69,3336827.188
2021-09-15,600036.SH,52.0,52.49,50.8,51.4,52.1,-0.7,-1.3436,542337.93,2799380.278
2021-09-16,600036.SH,51.23,51.83,50.21,50.7,51.4,-0.7,-1.3619,629896.14,3193865.17
2021-09-17,600036.SH,50.78,51.54,50.5,51.25,50.7,0.55,1.0848,420164.72,2143690.281
2021-09-22,600036.SH,48.68,49.98,48.1,49.41,51.25,-1.84,-3.5902,1122596.22,5492053.805
2021-09-23,600036.SH,49.5,50.53,48.61,48.84,49.41,-0.57,-1.1536,861024.53,4246316.974
2021-09-24,600036.SH,48.45,49.33,48.4,48.77,48.84,-0.07,-0.1433,532039.33,2596408.378
2021-09-27,600036.SH,48.29,49.8,48.21,49.09,48.77,0.32,0.6561,667905.15,3265832.147
2021-09-28,600036.SH,49.1,50.98,49.09,50.42,49.09,1.33,2.7093,709925.47,3562616.329
2021-09-29,600036.SH,49.95,52.17,49.61,51.56,50.42,1.14,2.261,904609.86,4619317.49
2021-09-30,600036.SH,51.4,51.43,50.1,50.45,51.56,-1.11,-2.1528,586118.08,2960621.631
2021-10-08,600036.SH,50.02,51.08,50.02,50.93,50.45,0.48,0.9514,645552.92,3266919.267
2021-10-11,600036.SH,51.44,54.18,51.44,53.0,50.93,2.07,4.0644,971778.65,5171368.866
2021-10-12,600036.SH,52.7,53.79,52.3,53.09,53.0,0.09,0.1698,589373.29,3129716.165
2021-10-13,600036.SH,52.95,53.4,52.05,53.03,53.09,-0.06,-0.113,442556.73,2335530.448
2021-10-14,600036.SH,52.99,53.25,52.2,52.36,53.03,-0.67,-1.2634,288996.21,1518009.834
2021-10-15,600036.SH,52.45,53.44,52.35,53.31,52.36,0.95,1.8144,420357.59,2230147.908
2021-10-18,600036.SH,53.31,53.35,51.55,51.86,53.31,-1.45,-2.7199,577945.39,3008070.372
2021-10-19,600036.SH,52.25,53.32,52.0,52.88,51.86,1.02,1.9668,481692.57,2545615.998
2021-10-20,600036.SH,53.21,53.64,52.28,52.4,52.88,-0.48,-0.9077,305709.59,1612336.024
2021-10-21,600036.SH,52.85,54.0,52.6,53.75,52.4,1.35,2.5763,576586.98,3084324.265
2021-10-22,600036.SH,54.09,54.8,53.73,54.29,53.75,0.54,1.0047,547150.58,2967094.16
2021-10-25,600036.SH,53.83,54.93,53.1,54.59,54.29,0.3,0.5526,623341.26,3376970.796
2021-10-26,600036.SH,54.59,56.23,54.3,55.3,54.59,0.71,1.3006,715423.69,3961794.95
2021-10-27,600036.SH,55.2,55.2,53.83,54.52,55.3,-0.78,-1.4105,420394.41,2287323.386
2021-10-28,600036.SH,54.3,55.0,53.85,54.22,54.52,-0.3,-0.5503,346232.28,1883008.799
2021-10-29,600036.SH,54.22,54.75,53.7,53.97,54.22,-0.25,-0.4611,405439.43,2197661.117
2021-11-01,600036.SH,54.0,54.9,53.3,54.12,53.97,0.15,0.2779,425017.81,2300857.413
2021-11-02,600036.SH,54.35,54.49,51.67,52.25,54.12,-1.87,-3.4553,752206.49,3957181.527
2021-11-03,600036.SH,52.35,52.49,51.67,51.7,52.25,-0.55,-1.0526,444372.41,2312474.223
2021-11-04,600036.SH,52.0,52.1,51.28,51.75,51.7,0.05,0.0967,482914.75,2492815.499
2021-11-05,600036.SH,51.72,52.11,51.42,51.56,51.75,-0.19,-0.3671,361974.16,1871325.317
2021-11-08,600036.SH,51.32,51.9,50.8,51.3,51.56,-0.26,-0.5043,386749.06,1984383.358
2021-11-09,600036.SH,51.4,51.7,50.6,51.06,51.3,-0.24,-0.4678,387883.64,1979827.705
2021-11-10,600036.SH,51.06,51.15,50.04,50.63,51.06,-0.43,-0.8421,558071.06,2812533.072
2021-11-11,600036.SH,50.55,52.87,50.46,52.82,50.63,2.19,4.3255,849731.7,4430680.097
2021-11-12,600036.SH,52.82,53.18,52.25,52.4,52.82,-0.42,-0.7952,343596.56,1807134.405
2021-11-15,600036.SH,52.79,53.61,52.37,52.93,52.4,0.53,1.0115,366950.32,1941710.247
2021-11-16,600036.SH,52.9,53.38,52.16,52.5,52.93,-0.43,-0.8124,322315.09,1699581.537
2021-11-17,600036.SH,52.22,52.83,51.81,51.84,52.5,-0.66,-1.2571,339385.51,1768981.458
2021-11-18,600036.SH,51.8,52.0,51.0,51.41,51.84,-0.43,-0.8295,342442.67,1762554.164
